|qtr|Form_Type|Company_Name|CIK|Date|Path|Indicator|Phrase
0|q4-15|10-Q|Upland Software, Inc.|1505155|2015-11-16|http://www.sec.gov/Archives/edgar/data/1505155/000162828015008834|NA| During the three month period ended September 30, 2015, the Company had sales to one customer, A, that accounted for approximately 16% of total revenue.
1|q4-15|10-Q|Upland Software, Inc.|1505155|2015-11-16|http://www.sec.gov/Archives/edgar/data/1505155/000162828015008834|NA| The following represents the Company s investment securities holdings as of September 30, 2015 and December 31, 2014 :     September 30, 2015     Cost   Unrealized Gains   Unrealized Losses   Fair Value     (in thousands) Available-for-sale securities                 U.S. Treasury notes (0.25%, 10/31/2015)   $ 2,107   $     $ (1 )   $ 2,106 Trading securities                 Equity securities               9,461 Fixed income securities               8,046 Mutual funds               114 Mutual funds - consolidated funds               1,058 Hedge funds               2,941                 21,620 Total investment securities               $ 23,726     December 31, 2014     Cost   Unrealized Gains   Unrealized Losses   Fair Value     (in thousands) Available-for-sale securities                 U.S. Treasury notes (0.25%, 10/31/2015)   $ 2,107   $     $     $ 2,107 Trading securities                 Equity securities               12,048 Fixed income securities   9,366 Mutual funds               168 Hedge funds               3,226                 24,808 Total investment securities               $ 26,915 
2|q4-15|10-Q|DecisionPoint Systems, Inc.|1505611|2015-11-13|http://www.sec.gov/Archives/edgar/data/1505611/000101376215001078|NA|         For the Three Months Ended      For the Three Months Ended      August 31, 2015   August 31, 2014   Amount %   Amount %             CUSTOMER 1 $9,848,883 91%   * *   * No customers accounted for 10% or more of revenues. 
3|q4-15|10-Q|DecisionPoint Systems, Inc.|1505611|2015-11-13|http://www.sec.gov/Archives/edgar/data/1505611/000101376215001078|NA|The United States Government, including its agencies, is the only customer that accounted for 10% or more of the Company s consolidated sales in fiscal years 2015 , 2014 and 2013 .
4|q4-15|485BPOS|AMERICAN FUNDS GLOBAL BALANCED FUND|1505612|2015-11-20|http://www.sec.gov/Archives/edgar/data/1505612/000005193115001331|NA|For the nine months ended September 30, 2015, and 2014, there were no customers that accounted for more than 10% of total revenue. 
5|q4-15|10-Q|POW! ENTERTAINMENT, INC.|1505892|2015-11-16|http://www.sec.gov/Archives/edgar/data/1505892/000114420415065570|NA|The Company had revenue from two customers which accounted for 55 % and 12 % of net revenue for the three months ended September 30, 2015 and revenue from four customers which accounted for 29 %, 22 %, 15 % and 13 % of net revenue for the nine months ended September 30, 2015.
6|q4-15|10-Q|POW! ENTERTAINMENT, INC.|1505892|2015-11-16|http://www.sec.gov/Archives/edgar/data/1505892/000114420415065570|NA| Significant Customers The Company had the following customers that accounted for greater than 10% of its revenues during the three and nine month periods ending September&#xA0;30, 2014 and 2015: &#xA0; &#xA0; &#xA0;&#xA0; Three&#xA0;Months&#xA0;ended&#xA0;September&#xA0;30, &#xA0; Nine&#xA0;Months&#xA0;ended&#xA0;September&#xA0;30, &#xA0; &#xA0;&#xA0; 2014 &#xA0; 2015 &#xA0; 2014 &#xA0; 2015 Customer &#xA0;&#xA0; %&#xA0;of&#xA0;Revenues &#xA0; %&#xA0;of&#xA0;Revenues &#xA0; %&#xA0;of&#xA0;Revenues &#xA0; %&#xA0;of&#xA0;Revenues A &#xA0;&#xA0; 65% &#xA0; 11% &#xA0; 15% &#xA0; &#x2014;&#xA0;&#xA0; B &#xA0;&#xA0; &#x2014;&#xA0;&#xA0; &#xA0; &#x2014;&#xA0;&#xA0; &#xA0; 34% &#xA0; &#x2014;&#xA0;&#xA0; C &#xA0;&#xA0; &#x2014;&#xA0;&#xA0; &#xA0; &#x2014;&#xA0;&#xA0; &#xA0; 13% &#xA0; &#x2014;&#xA0;&#xA0; D &#xA0;&#xA0; &#x2014;&#xA0;&#xA0; &#xA0; &#x2014;&#xA0;&#xA0; &#xA0; 12% &#xA0; 10% E &#xA0;&#xA0; &#x2014;&#xA0;&#xA0; &#xA0; 11% &#xA0; &#x2014;&#xA0;&#xA0; &#xA0; &#x2014;&#xA0;&#xA0; F &#xA0;&#xA0; &#x2014;&#xA0;&#xA0; &#xA0; &#x2014;&#xA0;&#xA0; &#xA0; &#x2014;&#xA0;&#xA0; &#xA0; 14% G &#xA0;&#xA0; &#x2014;&#xA0;&#xA0; &#xA0; &#x2014;&#xA0;&#xA0; &#xA0; &#x2014;&#xA0;&#xA0; &#xA0; 14% H &#xA0;&#xA0; &#x2014;&#xA0;&#xA0; &#xA0; &#x2014;&#xA0;&#xA0; &#xA0; &#x2014;&#xA0;&#xA0; &#xA0; 12% I &#xA0;&#xA0; &#x2014;&#xA0;&#xA0; &#xA0; &#x2014;&#xA0;&#xA0; &#xA0; &#x2014;&#xA0;&#xA0; &#xA0; 11% Additionally, Customer G and Customer B accounted for 59% and 16% of the Company&#x2019;s accounts receivable balance at September&#xA0;30, 2015, respectively.
7|q4-15|10-Q|POW! ENTERTAINMENT, INC.|1505892|2015-11-16|http://www.sec.gov/Archives/edgar/data/1505892/000114420415065570|NA|The Company had two other customers that accounted for 27% and 25% of its accounts receivable balance at December&#xA0;31, 2014, but neither customer exceeded 10% of its revenues in either the three or nine month periods ending September&#xA0;30, 2014 or 2015.
8|q4-15|10-Q|POW! ENTERTAINMENT, INC.|1505892|2015-11-16|http://www.sec.gov/Archives/edgar/data/1505892/000114420415065570|NA|For the three and nine months ended September&#xA0;30, 2015, revenue from affiliates of MEDIAN accounted for 16.1% and 12.4% of total revenue, respectively.
9|q4-15|10-Q|SMTP, Inc.|1506439|2015-11-13|http://www.sec.gov/Archives/edgar/data/1506439/000149315215005428|NA|Principles of Consolidation and Basis of Presentation The interim consolidated financial statements presented herein and discussed below include 100 percent of the assets, liabilities, revenues, expenses and cash flows of Marriott Vacations Worldwide, all entities in which Marriott Vacations Worldwide has a controlling voting interest (&#x201C;subsidiaries&#x201D;), and those variable interest entities for which Marriott Vacations Worldwide is the primary beneficiary in accordance with consolidation accounting guidance.
10|q4-15|10-Q|SMTP, Inc.|1506439|2015-11-13|http://www.sec.gov/Archives/edgar/data/1506439/000149315215005428|NA|For the three months ended September&#xA0;30, 2015 and 2014, revenue from affiliates of Ernest (including rent and interest from mortgage and acquisition loans) accounted for 14.1% and 18.3%, respectively, of total revenue.
11|q4-15|10-Q|Avinger Inc|1506928|2015-11-12|http://www.sec.gov/Archives/edgar/data/1506928/000110465915077975|NA|No customer or partner accounted for more than 10% of the Company s accounts receivable as of September 30, 2015  or December 31, 2014 or for more than 10% of the Company s revenues for the three and nine months ended September 30, 2015 or 2014 .
12|q4-15|10-Q|Marathon Patent Group, Inc.|1507605|2015-11-16|http://www.sec.gov/Archives/edgar/data/1507605/000110465915079276|NA|One customer comprises 99% of the accounts receivable as at August 31, 2015 and 100% of the revenue recorded for the three months ended August 31, 2015.
13|q4-15|10-Q|TESORO LOGISTICS LP|1507615|2015-10-29|http://www.sec.gov/Archives/edgar/data/1507615/000150761515000060|NA|Product shipments to four pharmaceutical wholesalers accounted for 33%, 20%, 18% and 15% of total shipments for the nine months ended September 30, 2015.
14|q4-15|10-Q|TESORO LOGISTICS LP|1507615|2015-10-29|http://www.sec.gov/Archives/edgar/data/1507615/000150761515000060|NA|Major customers   During the three months ended August 31, 2015, one customer individually accounted for 91% of total revenue.
15|q4-15|10-Q|USMD Holdings, Inc.|1507881|2015-11-16|http://www.sec.gov/Archives/edgar/data/1507881/000119312515378531|NA|No other customer accounted for more than 10% of total net sales for the nine months ended September&#xA0;30, 2015 and 2014.
16|q4-15|10-Q|USMD Holdings, Inc.|1507881|2015-11-16|http://www.sec.gov/Archives/edgar/data/1507881/000119312515378531|NA| ( 9 )  Commitments and Contingencies   (a)  Major Customers   The Partnership had revenue from one customer representing 10.2% and 11.3% of total revenue for the three months ended September 30, 2015 and 2014 , respectively.
17|q4-15|10-Q|Starz|1507934|2015-10-29|http://www.sec.gov/Archives/edgar/data/1507934/000150793415000086|NA|The Adviser determines that an issuer is economically tied to China if it (i) derives at least 50% of its revenues or operating profits from goods produced, sold or services performed within China, (ii) has at least 50% of its assets located within China, (iii) has securities that trade principally within China, or (iv) is included in an index generally considered representative of the Chinese market. 
18|q4-15|10-Q|Ideal Power Inc.|1507957|2015-11-13|http://www.sec.gov/Archives/edgar/data/1507957/000114420415064967|NA|The percentage of revenue generated through the customer representing more than  10%  of consolidated revenue is as follows:   Nine Months Ended September 30,   2015   2014 Southwest Airlines 24 %   22 % No other customer accounted for revenues greater than 10% for the two periods presented.
19|q4-15|10-Q|RPX Corp|1509432|2015-11-02|http://www.sec.gov/Archives/edgar/data/1509432/000150943215000109|NA| Note 4 &#x2013; Patient Service Revenue The Company&#x2019;s patient service revenue by payer is summarized in the table that follows (dollars in thousands): &#xA0; &#xA0; &#xA0;&#xA0; Three Months Ended September&#xA0;30, &#xA0; &#xA0; Nine Months Ended September&#xA0;30, &#xA0; &#xA0; &#xA0;&#xA0; 2015 &#xA0; &#xA0; 2014 &#xA0; &#xA0; 2015 &#xA0; &#xA0; 2014 &#xA0; &#xA0; &#xA0;&#xA0; Amount &#xA0; &#xA0; Ratio&#xA0;of&#xA0;Net Patient Service Revenue &#xA0; &#xA0; Amount &#xA0; &#xA0; Ratio&#xA0;of&#xA0;Net Patient Service Revenue &#xA0; &#xA0; Amount &#xA0; &#xA0; Ratio&#xA0;of&#xA0;Net Patient Service Revenue &#xA0; &#xA0; Amount &#xA0; &#xA0; Ratio&#xA0;of&#xA0;Net Patient Service Revenue &#xA0; Medicare &#xA0;&#xA0; $ 15,361 &#xA0;&#xA0; &#xA0; &#xA0; 31.4 %&#xA0; &#xA0; $ 14,498 &#xA0; &#xA0; &#xA0; 30.3 %&#xA0; &#xA0; $ 44,811 &#xA0;&#xA0; &#xA0; &#xA0; 32.0 %&#xA0; &#xA0; $ 41,166 &#xA0; &#xA0; &#xA0; 30.1 %&#xA0; Medicaid &#xA0;&#xA0; &#xA0; 76 &#xA0;&#xA0; &#xA0; &#xA0; 0.2 &#xA0; &#xA0; &#xA0; 350 &#xA0; &#xA0; &#xA0; 0.7 &#xA0; &#xA0; &#xA0; 522 &#xA0;&#xA0; &#xA0; &#xA0; 0.4 &#xA0; &#xA0; &#xA0; 1,084 &#xA0; &#xA0; &#xA0; 0.8 &#xA0; Managed care and commercial payers &#xA0;&#xA0; &#xA0; 33,385 &#xA0;&#xA0; &#xA0; &#xA0; 68.3 &#xA0; &#xA0; &#xA0; 33,185 &#xA0; &#xA0; &#xA0; 69.3 &#xA0; &#xA0; &#xA0; 95,331 &#xA0;&#xA0; &#xA0; &#xA0; 68.1 &#xA0; &#xA0; &#xA0; 94,274 &#xA0; &#xA0; &#xA0; 68.9 &#xA0; Self-pay &#xA0;&#xA0; &#xA0; 1,243 &#xA0;&#xA0; &#xA0; &#xA0; 2.5 &#xA0; &#xA0; &#xA0; 874 &#xA0; &#xA0; &#xA0; 1.8 &#xA0; &#xA0; &#xA0; 2,919 &#xA0;&#xA0; &#xA0; &#xA0; 2.1 &#xA0; &#xA0; &#xA0; 2,651 &#xA0; &#xA0; &#xA0; 1.9 &#xA0; &#xA0;&#xA0; &#xA0; &#xA0; &#xA0; &#xA0; &#xA0; &#xA0; &#xA0; &#xA0; &#xA0; &#xA0; &#xA0; &#xA0; &#xA0; &#xA0; &#xA0; &#xA0; &#xA0; &#xA0; &#xA0; &#xA0; &#xA0; &#xA0; &#xA0; &#xA0; &#xA0; &#xA0; &#xA0; &#xA0; &#xA0; &#xA0; &#xA0; Patient service revenue before provision for doubtful accounts &#xA0;&#xA0; &#xA0; 50,065 &#xA0;&#xA0; &#xA0; &#xA0; 102.4 &#xA0; &#xA0; &#xA0; 48,907 &#xA0; &#xA0; &#xA0; 102.1 &#xA0; &#xA0; &#xA0; 143,583 &#xA0;&#xA0; &#xA0; &#xA0; 102.5 &#xA0; &#xA0; &#xA0; 139,175 &#xA0; &#xA0; &#xA0; 101.7 &#xA0; Patient service revenue provision for doubtful accounts &#xA0;&#xA0; &#xA0; (1,161 )&#xA0; &#xA0; &#xA0; (2.4 ) &#xA0; &#xA0; (1,013 ) &#xA0; &#xA0; (2.1 ) &#xA0; &#xA0; (3,499 )&#xA0; &#xA0; &#xA0; (2.5 ) &#xA0; &#xA0; (2,276 ) &#xA0; &#xA0; (1.7 ) &#xA0;&#xA0; &#xA0; &#xA0; &#xA0; &#xA0; &#xA0; &#xA0; &#xA0; &#xA0; &#xA0; &#xA0; &#xA0; &#xA0; &#xA0; &#xA0; &#xA0; &#xA0; &#xA0; &#xA0; &#xA0; &#xA0; &#xA0; &#xA0; &#xA0; &#xA0; &#xA0; &#xA0; &#xA0; &#xA0; &#xA0; &#xA0; &#xA0; Net patient service revenue &#xA0;&#xA0; $ 48,904 &#xA0;&#xA0; &#xA0; &#xA0; 100.0 %&#xA0; &#xA0; $ 47,894 &#xA0; &#xA0; &#xA0; 100.0 %&#xA0; &#xA0; $ 140,084 &#xA0;&#xA0; &#xA0; &#xA0; 100.0 %&#xA0; &#xA0; $ 136,899 &#xA0; &#xA0; &#xA0; 100.0 %&#xA0; &#xA0;&#xA0; &#xA0; &#xA0; &#xA0; &#xA0; &#xA0; &#xA0; &#xA0; &#xA0; &#xA0; &#xA0; &#xA0; &#xA0; &#xA0; &#xA0; &#xA0; &#xA0; &#xA0; &#xA0; &#xA0; &#xA0; &#xA0; &#xA0; &#xA0; &#xA0; &#xA0; &#xA0; &#xA0; &#xA0; &#xA0; &#xA0; &#xA0; Allowance for Doubtful Accounts The allowance for doubtful accounts is based on management&#x2019;s assessment of the collectibility of patient and customer accounts.
20|q4-15|10-Q|RPX Corp|1509432|2015-11-02|http://www.sec.gov/Archives/edgar/data/1509432/000150943215000109|NA|Other Matters The following table summarizes scheduled maturities of long-term debt as of September&#xA0;30, 2015 (in millions): &#xA0; &#xA0; &#xA0;&#xA0; Remainder of 2015 &#xA0; &#xA0;&#xA0; 2016 &#xA0; &#xA0;&#xA0; 2017 &#xA0; &#xA0;&#xA0; 2018 &#xA0; &#xA0;&#xA0; 2019 &#xA0; &#xA0;&#xA0; Thereafter &#xA0; Scheduled maturities of long-term debt &#xA0;&#xA0; $ 3.2 &#xA0;&#xA0; &#xA0;&#xA0; $ 12.5 &#xA0;&#xA0; &#xA0;&#xA0; $ 12.5 &#xA0;&#xA0; &#xA0;&#xA0; $ 374.4 &#xA0;&#xA0; &#xA0;&#xA0; $ 12.5 &#xA0;&#xA0; &#xA0;&#xA0; $ 5,046.9 &#xA0;&#xA0; The Company&#x2019;s non-guarantor subsidiaries held approximately $2,989 million, or 38%, of total assets and approximately $470 million, or 7%, of total liabilities as of September&#xA0;30, 2015 and accounted for approximately $420 million, or 43%, and $1,173 million, or 44%, of net sales for the three and nine months ended September&#xA0;30, 2015, respectively.
21|q4-15|10-Q|NowNews Digital Media Technology Co. Ltd.|1509477|2015-11-17|http://www.sec.gov/Archives/edgar/data/1509477/000114420415066433|NA| The following table presents revenue by location and revenue generated by country as a percentage of total revenue for the applicable period, for countries representing 10% or more of revenues for one or more of the periods presented (dollars in thousands):   Three Months Ended September 30,   Nine Months Ended September 30,   2015   2014   2015   2014 United States $ 42,352   62 %   $ 42,751   65 %   $ 139,347   64 %   $ 120,696   63 % Korea 7,290   11   4,657   7   21,259   10   13,500   7 Japan 8,921   13   9,164   14   27,406   12   28,012   15 Other 9,649   14   8,835   14   31,038   14   29,380   15 Total revenue $ 68,212   100 %   $ 65,407   100 %   $ 219,050   100 %   $ 191,588   100 % 
22|q4-15|10-Q|American Assets Trust, L.P.|1509570|2015-11-06|http://www.sec.gov/Archives/edgar/data/1509570/000150021715000116|NA|&#xA0; Concentrations of Risk and Related Party Transactions Net sales to Anixter International Inc. and its affiliates (Anixter) accounted for approximately 13% of the Company&#x2019;s total net sales during both the three and nine months ended September&#xA0;30, 2015.
23|q4-15|10-Q|American Assets Trust, L.P.|1509570|2015-11-06|http://www.sec.gov/Archives/edgar/data/1509570/000150021715000116|NA| Concentrations of Risk and Related Party Transactions Net sales to Anixter International Inc. and its affiliates (Anixter) accounted for approximately 13% of the Company&#x2019;s total net sales during both the three and nine months ended September&#xA0;30, 2015.
24|q4-15|10-Q|American Assets Trust, L.P.|1509570|2015-11-06|http://www.sec.gov/Archives/edgar/data/1509570/000150021715000116|NA|The following table presents the activity in the Partnership's equity investments as of September 30, 2015 and December 31, 2014 (in thousands):     MPOG   Mesquite   Delta House   Total Balances at December 31, 2013 $     $     $     $     Initial investment 12,000   11,884       23,884   Earnings in unconsolidated affiliates 348           348   Distributions (1,980 )           (1,980 ) Balances at December 31, 2014 $ 10,368   $ 11,884   $     $ 22,252   Initial investment         61,351   61,351   Earnings in unconsolidated affiliates 571       694   1,265   Contributions     4,271       4,271   Distributions (2,820 )       (3,748 )   (6,568 ) Balances at September 30, 2015 $ 8,119   $ 16,155   $ 58,297   $ 82,571 The following tables present the summarized combined financial information for the Partnership's equity investments (amounts represent 100% of investee financial information): Balance Sheets: September 30, 2015   December 31, 2014 Current assets $ 117,796   $ 2,196 Non-current assets 929,836   62,635 Current liabilities 105,985   398 Non-current liabilities 361,662   22,307   Three months ended September 30,   Nine months ended September 30, Income Statements: 2015   2014   2015   2014 Total revenue $ 9,201   $ 1,737   $ 13,610   $ 1,737 Operating expense 1,274   632   3,011   632 Net income 5,975   185   6,216   185 
25|q4-15|10-Q|LIFEAPPS DIGITAL MEDIA INC.|1510247|2015-11-13|http://www.sec.gov/Archives/edgar/data/1510247/000161577415003255|NA|During the nine months ended September 30, 2015 , two third-party customers accounted for approximately 68% of our consolidated revenue.
26|q4-15|10-Q|CannaVEST Corp.|1510964|2015-11-16|http://www.sec.gov/Archives/edgar/data/1510964/000101968715004130|NA|For the three and nine months ended September&#xA0;30, 2015, net sales related to the BNS operations that have not formally transferred were included in the Company&#x2019;s consolidated net sales and represented less than 2% of the Company&#x2019;s total net sales.
27|q4-15|10-Q|CannaVEST Corp.|1510964|2015-11-16|http://www.sec.gov/Archives/edgar/data/1510964/000101968715004130|NA|These contracts have represented not more than 2.5% of the Company s sales during fiscal years 2015 , 2014 and 2013 , and are for contracts that generally are greater than one year in duration and that include a significant amount of product development.
28|q4-15|10-Q|First Connecticut Bancorp, Inc.|1511198|2015-11-06|http://www.sec.gov/Archives/edgar/data/1511198/000157104915008897|NA| Customers with an accounts receivable balance of 10% or greater of total accounts receivable and customers with net revenues of 10% or greater of total revenues are presented below for the periods indicated:   Percentage of Revenues   Percentage of Accounts Receivable   Three Months Ended September 30,   September 30,   June 30,   2015 2014   2015   2015 Customer A *   10%   *   * Customer B *   *   12%   13% Customer C *   *   10%   12%  * denotes less than 
29|q4-15|485BPOS|Managed Portfolio Series|1511699|2015-10-30|http://www.sec.gov/Archives/edgar/data/1511699/000089418915005628|NA|Major customers   No customer accounted for 10% or more of the Company s sales during the three and nine months ended September 30, 2015 and 2014.
30|q4-15|10-Q|YAPPN CORP.|1511735|2015-10-15|http://www.sec.gov/Archives/edgar/data/1511735/000121390015007723|NA|Realized and unrealized losses from our commodity derivatives were recorded to product revenue in the following amounts (in thousands):   Three Months Ended September 30,   Nine Months Ended September 30,   2015   2014   2015   2014 Commodity contracts $ 6,036   $ 4,047   $ 3,190   $ 1,298 Concentrations of risk During the three months ended September 30, 2015 , two third-party customers accounted for approximately 69% of our consolidated revenue.
31|q4-15|10-Q|Ubiquiti Networks, Inc.|1511737|2015-11-05|http://www.sec.gov/Archives/edgar/data/1511737/000151173715000029|NA|Significant Customers The Company had the following customers that accounted for greater than 10% of its revenues during the three and nine month periods ending September&#xA0;30, 2014 and 2015: &#xA0; &#xA0; &#xA0;&#xA0; Three&#xA0;Months&#xA0;ended&#xA0;September&#xA0;30, &#xA0; Nine&#xA0;Months&#xA0;ended&#xA0;September&#xA0;30, &#xA0; &#xA0;&#xA0; 2014 &#xA0; 2015 &#xA0; 2014 &#xA0; 2015 Customer &#xA0;&#xA0; %&#xA0;of&#xA0;Revenues &#xA0; %&#xA0;of&#xA0;Revenues &#xA0; %&#xA0;of&#xA0;Revenues &#xA0; %&#xA0;of&#xA0;Revenues A &#xA0;&#xA0; 65% &#xA0; 11% &#xA0; 15% &#xA0; &#x2014;&#xA0;&#xA0; B &#xA0;&#xA0; &#x2014;&#xA0;&#xA0; &#xA0; &#x2014;&#xA0;&#xA0; &#xA0; 34% &#xA0; &#x2014;&#xA0;&#xA0; C &#xA0;&#xA0; &#x2014;&#xA0;&#xA0; &#xA0; &#x2014;&#xA0;&#xA0; &#xA0; 13% &#xA0; &#x2014;&#xA0;&#xA0; D &#xA0;&#xA0; &#x2014;&#xA0;&#xA0; &#xA0; &#x2014;&#xA0;&#xA0; &#xA0; 12% &#xA0; 10% E &#xA0;&#xA0; &#x2014;&#xA0;&#xA0; &#xA0; 11% &#xA0; &#x2014;&#xA0;&#xA0; &#xA0; &#x2014;&#xA0;&#xA0; F &#xA0;&#xA0; &#x2014;&#xA0;&#xA0; &#xA0; &#x2014;&#xA0;&#xA0; &#xA0; &#x2014;&#xA0;&#xA0; &#xA0; 14% G &#xA0;&#xA0; &#x2014;&#xA0;&#xA0; &#xA0; &#x2014;&#xA0;&#xA0; &#xA0; &#x2014;&#xA0;&#xA0; &#xA0; 14% H &#xA0;&#xA0; &#x2014;&#xA0;&#xA0; &#xA0; &#x2014;&#xA0;&#xA0; &#xA0; &#x2014;&#xA0;&#xA0; &#xA0; 12% I &#xA0;&#xA0; &#x2014;&#xA0;&#xA0; &#xA0; &#x2014;&#xA0;&#xA0; &#xA0; &#x2014;&#xA0;&#xA0; &#xA0; 11% Additionally, Customer G and Customer B accounted for 59% and 16% of the Company&#x2019;s accounts receivable balance at September&#xA0;30, 2015, respectively.
32|q4-15|10-Q|Ubiquiti Networks, Inc.|1511737|2015-11-05|http://www.sec.gov/Archives/edgar/data/1511737/000151173715000029|NA|Future net revenues are calculated using prices that represent the arithmetic averages of first-day-of-the-month oil and natural gas prices for the previous 12-month period, and the guidelines further dictate that a 10% discount factor be used to determine the present value of future net revenues.
33|q4-15|10-Q|Global Eagle Entertainment Inc.|1512077|2015-11-09|http://www.sec.gov/Archives/edgar/data/1512077/000151207715000017|NA|If the Company sublicenses its rights under the license from Marina, for each optioned microRNA compound covered by such sublicense the Company is required to pay a specified lump  sum payment representing the remainder of the selection fee for the inclusion of such microRNA compound within the scope of the license agreement, as well as a portion of any revenue the Company receives from such sublicensees at a tiered percentage between the very low single digits and the mid  teens, depending on the circumstances in which the sublicense is entered into.
34|q4-15|10-Q|Global Eagle Entertainment Inc.|1512077|2015-11-09|http://www.sec.gov/Archives/edgar/data/1512077/000151207715000017|NA| The percentage of revenue generated through the customer representing more than  10%  of consolidated revenue is as follows:   Nine Months Ended September 30,   2015   2014 Southwest Airlines 24 %   22 % 
35|q4-15|10-Q|Coherus BioSciences, Inc.|1512762|2015-11-10|http://www.sec.gov/Archives/edgar/data/1512762/000156459015010330|NA|Derivative and Forward Loan Sales Commitments, Net       For the Three Months Ended September 30,     For the Nine Months Ended September 30,       2015     2014     2015     2014   (Dollars in thousands)                         Balance, at beginning of period   $ 140     $ 50     $ 14     $ 47   Total realized gain (loss):                                 Included in earnings     (74 )     44       52       47   Balance, at the end of period   $ 66     $ 94     $ 66     $ 94     The following tables present the valuation methodology and unobservable inputs for Level 3 assets measured at fair value on a recurring basis at September 30, 2015 and December 31, 2014:   September 30, 2015               Significant       (Dollars in thousands)   Fair Value     Valuation Methodology   Unobservable Inputs   Input                             Derivative and forward loan sales commitments, net   $ 66     Adjusted quoted prices in active markets   Embedded servicing value     1.23 %   December 31, 2014               Significant       (Dollars in thousands)   Fair Value     Valuation Methodology   Unobservable Inputs   Input                             Derivative and forward loan sales commitments, net   $ 14     Adjusted quoted prices in active markets   Embedded servicing value     1.07 %   The embedded servicing value represents the value assigned for mortgage servicing rights and based on management s judgment.
36|q4-15|10-Q|Coherus BioSciences, Inc.|1512762|2015-11-10|http://www.sec.gov/Archives/edgar/data/1512762/000156459015010330|NA|Information on Business Segments Net sales and operating income for the nine and three months ended September&#xA0;30, 2015 and 2014 by segment were as follows: &#xA0; &#xA0; &#xA0;&#xA0; Nine Months Ended September&#xA0;30, &#xA0; (In millions) &#xA0;&#xA0; 2015 &#xA0; &#xA0;&#xA0; 2014 &#xA0; &#xA0;&#xA0; %&#xA0;Change vs.&#xA0;Prior&#xA0;Year &#xA0; Net Sales &#xA0;&#xA0; &#xA0;&#xA0; &#xA0;&#xA0; Cabinets &#xA0;&#xA0; $ 1,565.3 &#xA0;&#xA0; &#xA0;&#xA0; $ 1,331.4 &#xA0;&#xA0; &#xA0;&#xA0; &#xA0; 17.6 %&#xA0; Plumbing &#xA0;&#xA0; &#xA0; 1,056.0 &#xA0;&#xA0; &#xA0;&#xA0; &#xA0; 995.9 &#xA0;&#xA0; &#xA0;&#xA0; &#xA0; 6.0 &#xA0;&#xA0; Doors &#xA0;&#xA0; &#xA0; 324.6 &#xA0;&#xA0; &#xA0;&#xA0; &#xA0; 304.5 &#xA0;&#xA0; &#xA0;&#xA0; &#xA0; 6.6 &#xA0;&#xA0; Security &#xA0;&#xA0; &#xA0; 408.8 &#xA0;&#xA0; &#xA0;&#xA0; &#xA0; 342.2 &#xA0;&#xA0; &#xA0;&#xA0; &#xA0; 19.5 &#xA0;&#xA0; &#xA0;&#xA0; &#xA0; &#xA0; &#xA0; &#xA0;&#xA0; &#xA0; &#xA0; &#xA0; &#xA0;&#xA0; Net sales &#xA0;&#xA0; $ 3,354.7 &#xA0;&#xA0; &#xA0;&#xA0; $ 2,974.0 &#xA0;&#xA0; &#xA0;&#xA0; &#xA0; 12.8 %&#xA0; Operating Income &#xA0;&#xA0; &#xA0;&#xA0; &#xA0;&#xA0; Cabinets &#xA0;&#xA0; $ 132.1 &#xA0;&#xA0; &#xA0;&#xA0; $ 102.5 &#xA0;&#xA0; &#xA0;&#xA0; &#xA0; 28.9 %&#xA0; Plumbing &#xA0;&#xA0; &#xA0; 214.6 &#xA0;&#xA0; &#xA0;&#xA0; &#xA0; 202.6 &#xA0;&#xA0; &#xA0;&#xA0; &#xA0; 5.9 &#xA0;&#xA0; Doors &#xA0;&#xA0; &#xA0; 30.7 &#xA0;&#xA0; &#xA0;&#xA0; &#xA0; 21.7 &#xA0;&#xA0; &#xA0;&#xA0; &#xA0; 41.5 &#xA0;&#xA0; Security &#xA0;&#xA0; &#xA0; 43.1 &#xA0;&#xA0; &#xA0;&#xA0; &#xA0; 43.4 &#xA0;&#xA0; &#xA0;&#xA0; &#xA0; (0.7 )&#xA0; Less: Corporate expenses &#xA0;&#xA0; &#xA0; (64.7 )&#xA0; &#xA0;&#xA0; &#xA0; (45.9 )&#xA0; &#xA0;&#xA0; &#xA0; (41.0 )&#xA0; &#xA0;&#xA0; &#xA0; &#xA0; &#xA0; &#xA0;&#xA0; &#xA0; &#xA0; &#xA0; &#xA0;&#xA0; Operating income &#xA0;&#xA0; $ 355.8 &#xA0;&#xA0; &#xA0;&#xA0; $ 324.3 &#xA0;&#xA0; &#xA0;&#xA0; &#xA0; 9.7 %&#xA0; Corporate expenses &#xA0;&#xA0; &#xA0;&#xA0; &#xA0;&#xA0; General and administrative expense &#xA0;&#xA0; $ (51.7 )&#xA0; &#xA0;&#xA0; $ (50.7 )&#xA0; &#xA0;&#xA0; Defined benefit plan income &#xA0;&#xA0; &#xA0; 2.1 &#xA0;&#xA0; &#xA0;&#xA0; &#xA0; 4.8 &#xA0;&#xA0; &#xA0;&#xA0; Norcraft transaction costs (a) &#xA0;&#xA0; &#xA0; (15.1 )&#xA0; &#xA0;&#xA0; &#xA0; &#x2014;&#xA0;&#xA0; &#xA0;&#xA0; &#xA0;&#xA0; &#xA0;&#xA0; &#xA0; &#xA0; &#xA0; &#xA0;&#xA0; &#xA0; &#xA0; &#xA0; &#xA0;&#xA0; Total Corporate expenses &#xA0;&#xA0; $ (64.7 )&#xA0; &#xA0;&#xA0; $ (45.9 )&#xA0; &#xA0;&#xA0; &#xA0; (41.0 )%&#xA0; &#xA0; &#xA0; (a) Represents external costs directly related to the acquisition of Norcraft and primarily includes expenditures for banking, legal, accounting and other similar services.
37|q4-15|10-Q|Coherus BioSciences, Inc.|1512762|2015-11-10|http://www.sec.gov/Archives/edgar/data/1512762/000156459015010330|NA| The Company had the following customers that accounted for greater than 10% of its revenues during the three and nine month periods ending September&#xA0;30, 2014 and 2015: &#xA0; &#xA0; &#xA0;&#xA0; Three&#xA0;Months&#xA0;ended&#xA0;September&#xA0;30, &#xA0; Nine&#xA0;Months&#xA0;ended&#xA0;September&#xA0;30, &#xA0; &#xA0;&#xA0; 2014 &#xA0; 2015 &#xA0; 2014 &#xA0; 2015 Customer &#xA0;&#xA0; %&#xA0;of&#xA0;Revenues &#xA0; %&#xA0;of&#xA0;Revenues &#xA0; %&#xA0;of&#xA0;Revenues &#xA0; %&#xA0;of&#xA0;Revenues A &#xA0;&#xA0; 65% &#xA0; 11% &#xA0; 15% &#xA0; &#x2014;&#xA0;&#xA0; B &#xA0;&#xA0; &#x2014;&#xA0;&#xA0; &#xA0; &#x2014;&#xA0;&#xA0; &#xA0; 34% &#xA0; &#x2014;&#xA0;&#xA0; C &#xA0;&#xA0; &#x2014;&#xA0;&#xA0; &#xA0; &#x2014;&#xA0;&#xA0; &#xA0; 13% &#xA0; &#x2014;&#xA0;&#xA0; D &#xA0;&#xA0; &#x2014;&#xA0;&#xA0; &#xA0; &#x2014;&#xA0;&#xA0; &#xA0; 12% &#xA0; 10% E &#xA0;&#xA0; &#x2014;&#xA0;&#xA0; &#xA0; 11% &#xA0; &#x2014;&#xA0;&#xA0; &#xA0; &#x2014;&#xA0;&#xA0; F &#xA0;&#xA0; &#x2014;&#xA0;&#xA0; &#xA0; &#x2014;&#xA0;&#xA0; &#xA0; &#x2014;&#xA0;&#xA0; &#xA0; 14% G &#xA0;&#xA0; &#x2014;&#xA0;&#xA0; &#xA0; &#x2014;&#xA0;&#xA0; &#xA0; &#x2014;&#xA0;&#xA0; &#xA0; 14% H &#xA0;&#xA0; &#x2014;&#xA0;&#xA0; &#xA0; &#x2014;&#xA0;&#xA0; &#xA0; &#x2014;&#xA0;&#xA0; &#xA0; 12% I &#xA0;&#xA0; &#x2014;&#xA0;&#xA0; &#xA0; &#x2014;&#xA0;&#xA0; &#xA0; &#x2014;&#xA0;&#xA0; &#xA0; 11% 
38|q4-15|6-K|UCI HOLDINGS LTD|1513050|2015-11-10|http://www.sec.gov/Archives/edgar/data/1513050/000119312515373550|NA|Customers with an accounts receivable balance of 10% or greater of total accounts receivable and customers with net revenues of 10% or greater of total revenues are presented below for the periods indicated:   Percentage of Revenues   Percentage of Accounts Receivable   Three Months Ended September 30,   September 30,   June 30,   2015 2014   2015   2015 Customer A *   10%   *   * Customer B *   *   12%   13% Customer C *   *   10%   12%  * denotes less than 10% 
39|q4-15|6-K|UCI HOLDINGS LTD|1513050|2015-11-10|http://www.sec.gov/Archives/edgar/data/1513050/000119312515373550|NA|Sales from two customers accounted for 36.9% of total sales for the nine months ended September 30, 2015. 
40|q4-15|6-K|UCI HOLDINGS LTD|1513050|2015-11-10|http://www.sec.gov/Archives/edgar/data/1513050/000119312515373550|NA|Other activities are not reported separately as they represent less than 10% of consolidated net sales and adjusted gross margin (defined below).
41|q4-15|10-Q|American Midstream Partners, LP|1513965|2015-11-09|http://www.sec.gov/Archives/edgar/data/1513965/000151396515000122|NA|Total related party accounts receivable as of September 30, 2015 and 2014 related to these sales was approximately $103,630 and $66,650, or 48% and 54% of total net accounts receivable, respectively.
42|q4-15|10-Q|American Midstream Partners, LP|1513965|2015-11-09|http://www.sec.gov/Archives/edgar/data/1513965/000151396515000122|NA|The Company had two other customers that accounted for 27% and 25% of its accounts receivable balance at December&#xA0;31, 2014, but neither customer exceeded 10% of its revenues in either the three or nine month periods ending September&#xA0;30, 2014 or 2015. 
43|q4-15|10-Q|American Midstream Partners, LP|1513965|2015-11-09|http://www.sec.gov/Archives/edgar/data/1513965/000151396515000122|NA|Concentrations  The Company has two major customers that individually exceeded 10% of total revenue and accounted for 86.8% and 91.4% of total revenue for the three months ended September 30, 2015 and 2014, respectively.
44|q4-15|10-Q|American Midstream Partners, LP|1513965|2015-11-09|http://www.sec.gov/Archives/edgar/data/1513965/000151396515000122|NA|For the three and nine months ended September 30, 2015 and 2014, there were no customers accounting for 10% or more of the Company s sales. 
45|q4-15|10-Q|Be Active Holdings, Inc.|1514514|2015-11-13|http://www.sec.gov/Archives/edgar/data/1514514/000141588915003711|NA|For the nine months ended September&#xA0;30, 2015 and 2014, revenue from affiliates of Ernest (including rent and interest from mortgage and acquisition loans) accounted for 14.8% and 18.7%, respectively, of total revenue.
46|q4-15|10-Q|Be Active Holdings, Inc.|1514514|2015-11-13|http://www.sec.gov/Archives/edgar/data/1514514/000141588915003711|NA|For the nine months ended September&#xA0;30, 2015, sales to three customers, General Motors Company (&#x201C;GM&#x201D;), Advance Stores Company, Inc. (&#x201C;Advance&#x201D;) and AutoZone, Inc. (&#x201C;AutoZone&#x201D;), accounted for 18.8%, 12.0%, and 10.0% of total net sales, respectively.
47|q4-15|10-K|CPI International Holding Corp.|1515003|2015-12-10|http://www.sec.gov/Archives/edgar/data/1515003/000151500315000045|NA| Concentrations  The Company has two major customers that individually exceeded 10% of total revenue and accounted for 86.8% and 91.4% of total revenue for the three months ended September 30, 2015 and 2014, respectively.
48|q4-15|10-K|CPI International Holding Corp.|1515003|2015-12-10|http://www.sec.gov/Archives/edgar/data/1515003/000151500315000045|NA|The following table summarizes revenue by geographic region (in thousands):       Three Months Ended     Nine Months Ended       September 30,     September 30,       2015     2014     2015     2014   United States   $ 6,807     $ 15,620     $ 18,599     $ 23,168   Rest of world     360       432       1,244       1,445   Total revenue   $ 7,167     $ 16,052     $ 19,843     $ 24,613     Customers whose collaboration and license revenue accounted for 10% or more of total revenues were as follows:       Three Months Ended     Nine Months Ended       September 30,     September 30,       2015     2014     2015     2014   Baxalta     95 %     97 %     94 %     94 %   Derivative Liability The Company has a derivative liability related to the contingent consideration associated with the acquisition of InteKrin.
49|q4-15|10-Q|National Waste Management Holdings, Inc.|1515319|2015-11-13|http://www.sec.gov/Archives/edgar/data/1515319/000121390015008560|NA|60%/40% MSCI ACWI/Barclays Index (reflects no deductions for sales charges, account fees, expenses or U.S. federal income taxes)
50|q4-15|10-Q|National Waste Management Holdings, Inc.|1515319|2015-11-13|http://www.sec.gov/Archives/edgar/data/1515319/000121390015008560|NA|Other Noncurrent Assets   The Company s Other noncurrent assets consist of the following:       August 31,   February 28, (In thousands)   2015   2015 Deferred financing fees (less current portion of $2,394 and $2,905, respectively)   $ 8,662   $ 10,314 Capitalized software (net of accumulated amortization of $3,909 and $3,364, respectively)   7,247   7,553 Cash surrender value of life insurance (net of loans of $3,035)   1,250   1,249 Deferred stripping costs   4,967   4,514 Other   8,606   7,792 Total other noncurrent assets   $ 30,732   $ 31,422 Revenue Recognition   The Company recognizes revenue on construction contracts under the percentage-of-completion method of accounting, as measured by the cost incurred to date over estimated total cost.
51|q4-15|10-Q|Insys Therapeutics, Inc.|1516479|2015-11-05|http://www.sec.gov/Archives/edgar/data/1516479/000143774915019892|NA| Investment Securities The following represents the Company s investment securities holdings as of September 30, 2015 and December 31, 2014 :     September 30, 2015     Cost   Unrealized Gains   Unrealized Losses   Fair Value     (in thousands) Available-for-sale securities                 U.S. Treasury notes (0.25%, 10/31/2015)   $ 2,107   $     $ (1 )   $ 2,106 Trading securities                 Equity securities               9,461 Fixed income securities               8,046 Mutual funds               114 Mutual funds - consolidated funds               1,058 Hedge funds               2,941                 21,620 Total investment securities               $ 23,726     December 31, 2014     Cost   Unrealized Gains   Unrealized Losses   Fair Value     (in thousands) Available-for-sale securities                 U.S. Treasury notes (0.25%, 10/31/2015)   $ 2,107   $     $     $ 2,107 Trading securities                 Equity securities               12,048 Fixed income securities   9,366 Mutual funds               168 Hedge funds               3,226                 24,808 Total investment securities               $ 26,915 Investment securities are classified as either trading or available-for-sale and are carried at fair value.
52|q4-15|10-Q|Insys Therapeutics, Inc.|1516479|2015-11-05|http://www.sec.gov/Archives/edgar/data/1516479/000143774915019892|NA|The following table summarizes revenue by geographic region (in thousands):       Three Months Ended     Nine Months Ended       September 30,     September 30,       2015     2014     2015     2014   United States   $ 6,807     $ 15,620     $ 18,599     $ 23,168   Rest of world     360       432       1,244       1,445   Total revenue   $ 7,167     $ 16,052     $ 19,843     $ 24,613     Customers whose collaboration and license revenue accounted for 10% or more of total revenues were as follows:       Three Months Ended     Nine Months Ended       September 30,     September 30,       2015     2014     2015     2014   Baxalta     95 %     97 %     94 %     94 %   
53|q4-15|10-Q|Insys Therapeutics, Inc.|1516479|2015-11-05|http://www.sec.gov/Archives/edgar/data/1516479/000143774915019892|NA|No individual customer represented more than 10% of total revenues in the three and nine months ended September 30, 2015 or 2014 or for the year ended December 31, 2014 , or more than 10% of accounts receivable as of September 30, 2015 .
54|q4-15|10-Q|Insys Therapeutics, Inc.|1516479|2015-11-05|http://www.sec.gov/Archives/edgar/data/1516479/000143774915019892|NA|Revenues from five licenses accounted for approximately 87% of the Company&#x2019;s operating revenues for the three months ended September 30, 2015 and revenue from five licenses accounting for 100% of the revenue for the three months ended September 30, 2014.
55|q4-15|10-Q|Pingtan Marine Enterprise Ltd.|1517130|2015-11-09|http://www.sec.gov/Archives/edgar/data/1517130/000121390015008333|NA|During the three months ended September 30, 2015, one customer accounted for 12% of the Partnership's consolidated revenue, compared to 24% for the three months ended September 30, 2014.
56|q4-15|10-Q|CommScope Holding Company, Inc.|1517228|2015-11-09|http://www.sec.gov/Archives/edgar/data/1517228/000119312515370445|NA|No distributor or customer accounted for over 10% of total revenues for the three and nine months ended September 30, 2014.
57|q4-15|10-Q|CommScope Holding Company, Inc.|1517228|2015-11-09|http://www.sec.gov/Archives/edgar/data/1517228/000119312515370445|NA|No other customer represented greater than 10% of revenue for the three or nine months ended September 30, 2015 or 2014.
58|q4-15|10-Q|CommScope Holding Company, Inc.|1517228|2015-11-09|http://www.sec.gov/Archives/edgar/data/1517228/000119312515370445|NA| The Company&#x2019;s patient service revenue by payer is summarized in the table that follows (dollars in thousands): &#xA0; &#xA0; &#xA0;&#xA0; Three Months Ended September&#xA0;30, &#xA0; &#xA0; Nine Months Ended September&#xA0;30, &#xA0; &#xA0; &#xA0;&#xA0; 2015 &#xA0; &#xA0; 2014 &#xA0; &#xA0; 2015 &#xA0; &#xA0; 2014 &#xA0; &#xA0; &#xA0;&#xA0; Amount &#xA0; &#xA0; Ratio&#xA0;of&#xA0;Net Patient Service Revenue &#xA0; &#xA0; Amount &#xA0; &#xA0; Ratio&#xA0;of&#xA0;Net Patient Service Revenue &#xA0; &#xA0; Amount &#xA0; &#xA0; Ratio&#xA0;of&#xA0;Net Patient Service Revenue &#xA0; &#xA0; Amount &#xA0; &#xA0; Ratio&#xA0;of&#xA0;Net Patient Service Revenue &#xA0; Medicare &#xA0;&#xA0; $ 15,361 &#xA0;&#xA0; &#xA0; &#xA0; 31.4 %&#xA0; &#xA0; $ 14,498 &#xA0; &#xA0; &#xA0; 30.3 %&#xA0; &#xA0; $ 44,811 &#xA0;&#xA0; &#xA0; &#xA0; 32.0 %&#xA0; &#xA0; $ 41,166 &#xA0; &#xA0; &#xA0; 30.1 %&#xA0; Medicaid &#xA0;&#xA0; &#xA0; 76 &#xA0;&#xA0; &#xA0; &#xA0; 0.2 &#xA0; &#xA0; &#xA0; 350 &#xA0; &#xA0; &#xA0; 0.7 &#xA0; &#xA0; &#xA0; 522 &#xA0;&#xA0; &#xA0; &#xA0; 0.4 &#xA0; &#xA0; &#xA0; 1,084 &#xA0; &#xA0; &#xA0; 0.8 &#xA0; Managed care and commercial payers &#xA0;&#xA0; &#xA0; 33,385 &#xA0;&#xA0; &#xA0; &#xA0; 68.3 &#xA0; &#xA0; &#xA0; 33,185 &#xA0; &#xA0; &#xA0; 69.3 &#xA0; &#xA0; &#xA0; 95,331 &#xA0;&#xA0; &#xA0; &#xA0; 68.1 &#xA0; &#xA0; &#xA0; 94,274 &#xA0; &#xA0; &#xA0; 68.9 &#xA0; Self-pay &#xA0;&#xA0; &#xA0; 1,243 &#xA0;&#xA0; &#xA0; &#xA0; 2.5 &#xA0; &#xA0; &#xA0; 874 &#xA0; &#xA0; &#xA0; 1.8 &#xA0; &#xA0; &#xA0; 2,919 &#xA0;&#xA0; &#xA0; &#xA0; 2.1 &#xA0; &#xA0; &#xA0; 2,651 &#xA0; &#xA0; &#xA0; 1.9 &#xA0; &#xA0;&#xA0; &#xA0; &#xA0; &#xA0; &#xA0; &#xA0; &#xA0; &#xA0; &#xA0; &#xA0; &#xA0; &#xA0; &#xA0; &#xA0; &#xA0; &#xA0; &#xA0; &#xA0; &#xA0; &#xA0; &#xA0; &#xA0; &#xA0; &#xA0; &#xA0; &#xA0; &#xA0; &#xA0; &#xA0; &#xA0; &#xA0; &#xA0; Patient service revenue before provision for doubtful accounts &#xA0;&#xA0; &#xA0; 50,065 &#xA0;&#xA0; &#xA0; &#xA0; 102.4 &#xA0; &#xA0; &#xA0; 48,907 &#xA0; &#xA0; &#xA0; 102.1 &#xA0; &#xA0; &#xA0; 143,583 &#xA0;&#xA0; &#xA0; &#xA0; 102.5 &#xA0; &#xA0; &#xA0; 139,175 &#xA0; &#xA0; &#xA0; 101.7 &#xA0; Patient service revenue provision for doubtful accounts &#xA0;&#xA0; &#xA0; (1,161 )&#xA0; &#xA0; &#xA0; (2.4 ) &#xA0; &#xA0; (1,013 ) &#xA0; &#xA0; (2.1 ) &#xA0; &#xA0; (3,499 )&#xA0; &#xA0; &#xA0; (2.5 ) &#xA0; &#xA0; (2,276 ) &#xA0; &#xA0; (1.7 ) &#xA0;&#xA0; &#xA0; &#xA0; &#xA0; &#xA0; &#xA0; &#xA0; &#xA0; &#xA0; &#xA0; &#xA0; &#xA0; &#xA0; &#xA0; &#xA0; &#xA0; &#xA0; &#xA0; &#xA0; &#xA0; &#xA0; &#xA0; &#xA0; &#xA0; &#xA0; &#xA0; &#xA0; &#xA0; &#xA0; &#xA0; &#xA0; &#xA0; Net patient service revenue &#xA0;&#xA0; $ 48,904 &#xA0;&#xA0; &#xA0; &#xA0; 100.0 %&#xA0; &#xA0; $ 47,894 &#xA0; &#xA0; &#xA0; 100.0 %&#xA0; &#xA0; $ 140,084 &#xA0;&#xA0; &#xA0; &#xA0; 100.0 %&#xA0; &#xA0; $ 136,899 &#xA0; &#xA0; &#xA0; 100.0 %&#xA0; &#xA0;&#xA0; &#xA0; &#xA0; &#xA0; &#xA0; &#xA0; &#xA0; &#xA0; &#xA0; &#xA0; &#xA0; &#xA0; &#xA0; &#xA0; &#xA0; &#xA0; &#xA0; &#xA0; &#xA0; &#xA0; &#xA0; &#xA0; &#xA0; &#xA0; &#xA0; &#xA0; &#xA0; &#xA0; &#xA0; &#xA0; &#xA0; &#xA0; 
59|q4-15|10-Q|CommScope Holding Company, Inc.|1517228|2015-11-09|http://www.sec.gov/Archives/edgar/data/1517228/000119312515370445|NA|Of the $63.7 million in net sales proceeds, $44.6 million, or approximately 70%, was contributed to the capital of the Bank upon completion of the Conversion on September 30, 2014.
60|q4-15|10-Q|CommScope Holding Company, Inc.|1517228|2015-11-09|http://www.sec.gov/Archives/edgar/data/1517228/000119312515370445|NA|Concentrations of Credit Risk For the three months ended September&#xA0;30, 2015 and 2014, revenue from affiliates of Prime (including rent and interest from mortgage loans) accounted for 22.8% and 26.4%, respectively, of total revenue.
61|q4-15|10-Q|CommScope Holding Company, Inc.|1517228|2015-11-09|http://www.sec.gov/Archives/edgar/data/1517228/000119312515370445|NA| A summary of revenue and expense transactions with Tesoro, including expenses directly charged and allocated to our Predecessors, are as follows (in millions):   Three Months Ended September 30,   Nine Months Ended September 30,   2015   2014   2015   2014 Revenues (a) $ 152   $ 130   $ 454   $ 358 Operating and maintenance expenses 28   18   77   56 Imbalance settlement gains and reimbursements from    Tesoro (b) 12   17   31   32 General and administrative expenses 16   11   51   28 _______________ (a) Tesoro accounted for 54% and 55% of our total revenues for the three and nine months ended September 30, 2015, respectively, and 86% and 87% of our total revenues for the three and nine months ended September 30, 2014 , respectively.
62|q4-15|10-Q|CommScope Holding Company, Inc.|1517228|2015-11-09|http://www.sec.gov/Archives/edgar/data/1517228/000119312515370445|NA|During the nine months ended September 25, 2014, revenue related to advertisements of NCM LLC s founding members  beverage supplier accounted for 10.4% of total revenue.   
63|q4-15|10-Q|Artisan Partners Asset Management Inc.|1517302|2015-11-02|http://www.sec.gov/Archives/edgar/data/1517302/000151730215000061|NA|The following table sets forth revenues by country and region based on the billing address of the customer:   Three Months Ended October 31,   2015   2014   (in thousands) United States $ 43,107   $ 38,948 Canada 9,058   8,387 Other Americas 2,449   1,858 Total Americas 54,614   49,193 United Kingdom 9,687   12,198 Other EMEA 6,875   11,789 Total EMEA 16,562   23,987 Total APAC 11,104   6,554 Total revenues $ 82,280   $ 79,734 No country, other than those presented above, accounted for more than 10% of revenues during the three months ended October 31, 2015 and 2014 .
64|q4-15|10-Q|Interactive Intelligence Group, Inc.|1517650|2015-11-06|http://www.sec.gov/Archives/edgar/data/1517650/000151765015000063|NA|Four pharmaceutical wholesalers&#x2019; accounts receivable balances accounted for 39%, 22%, 17% and 10% of gross accounts receivable as of December 31, 2014. 
65|q4-15|10-Q|China Xuefeng Environmental Engineering Inc.|1518487|2015-11-13|http://www.sec.gov/Archives/edgar/data/1518487/000109690615001162|NA|This accounted for 15% of total revenues for nine months ended September 30, 2015.
66|q4-15|10-Q|China Xuefeng Environmental Engineering Inc.|1518487|2015-11-13|http://www.sec.gov/Archives/edgar/data/1518487/000109690615001162|NA|During the nine months ended September 30, 2015 , no individual customer accounted for 10% or more of the Partnership's consolidated revenue. 
67|q4-15|10-Q|China Xuefeng Environmental Engineering Inc.|1518487|2015-11-13|http://www.sec.gov/Archives/edgar/data/1518487/000109690615001162|NA|As of September 30, 2015   Consolidated Operating Entities   Consolidated Funds   Eliminations   Consolidated   (Dollars in millions) Assets               Cash and cash equivalents $ 1,307.5   $     $     $ 1,307.5 Cash and cash equivalents held at Consolidated Funds     1,131.2       1,131.2 Restricted cash 277.4           277.4 Restricted cash and securities of Consolidated Funds     18.4       18.4 Accrued performance fees 3,039.1       (23.3 )   3,015.8 Investments 1,091.9       (194.7 )   897.2 Investments of Consolidated Funds     23,989.0   1.1   23,990.1 Due from affiliates and other receivables, net 222.8       (17.7 )   205.1 Due from affiliates and other receivables of Consolidated Funds, net     1,164.7       1,164.7 Receivables and inventory of a consolidated real estate VIE 172.8           172.8 Fixed assets, net 105.5           105.5 Deposits and other 56.3   1.2       57.5 Other assets of a consolidated real estate VIE 68.8           68.8 Intangible assets, net 171.6           171.6 Deferred tax assets 213.1           213.1 Total assets $ 6,726.8   $ 26,304.5   $ (234.6 )   $ 32,796.7 Liabilities and partners  capital               Loans payable $ 39.1   $     $     $ 39.1 3.875% senior notes due 2023 499.9           499.9 5.625% senior notes due 2043 606.6           606.6 Loans payable of Consolidated Funds     16,849.7   (184.6 )   16,665.1 Loans payable of a consolidated real estate VIE at fair value (principal amount of $167.8 million) 109.1           109.1 Accounts payable, accrued expenses and other liabilities 404.1           404.1 Accrued compensation and benefits 2,045.4           2,045.4 Due to affiliates 469.3   2.4   (1.6 )   470.1 Deferred revenue 203.8       (0.2 )   203.6 Deferred tax liabilities 119.8           119.8 Other liabilities of Consolidated Funds     1,953.2   (43.1 )   1,910.1 Other liabilities of a consolidated real estate VIE 95.4           95.4 Accrued giveback obligations 264.0           264.0 Total liabilities 4,856.5   18,805.3   (229.5 )   23,432.3 Redeemable non-controlling interests in consolidated entities 8.1   2,658.8       2,666.9 Partners  capital 510.0   (9.4 )   9.4   510.0 Accumulated other comprehensive income (loss) (73.6 )   7.1   (7.2 )   (73.7 ) Partners  capital appropriated for Consolidated Funds     165.3   (7.3 )   158.0 Non-controlling interests in consolidated entities 217.3   4,677.4       4,894.7 Non-controlling interests in Carlyle Holdings 1,208.5           1,208.5 Total partners  capital 1,862.2   4,840.4   (5.1 )   6,697.5 Total liabilities and partners  capital $ 6,726.8   $ 26,304.5   $ (234.6 )   $ 32,796.7   As of December 31, 2014   Consolidated Operating Entities   Consolidated Funds   Eliminations   Consolidated   (Dollars in millions) Assets               Cash and cash equivalents $ 1,242.0   $     $     $ 1,242.0 Cash and cash equivalents held at Consolidated Funds     1,551.1       1,551.1 Restricted cash 59.7           59.7 Restricted cash and securities of Consolidated Funds     14.9       14.9 Accrued performance fees 3,808.9       (13.3 )   3,795.6 Investments 1,114.9       (183.3 )   931.6 Investments of Consolidated Funds     26,028.7   0.1   26,028.8 Due from affiliates and other receivables, net 215.8       (16.4 )   199.4 Due from affiliates and other receivables of Consolidated Funds, net     1,213.2       1,213.2 Receivables and inventory of a consolidated real estate VIE 163.9           163.9 Fixed assets, net 75.4           75.4 Deposits and other 57.3   1.9       59.2 Other assets of a consolidated real estate VIE 86.4           86.4 Intangible assets, net 442.1           442.1 Deferred tax assets 131.0           131.0 Total assets $ 7,397.4   $ 28,809.8   $ (212.9 )   $ 35,994.3 Liabilities and partners  capital               Loans payable $ 40.2   $     $     $ 40.2 3.875% senior notes due 2023 499.9           499.9 5.625% senior notes due 2043 606.8           606.8 Loans payable of Consolidated Funds     16,219.8   (167.6 )   16,052.2 Loans payable of a consolidated real estate VIE at fair value (principal amount of $243.6 million) 146.2           146.2 Accounts payable, accrued expenses and other liabilities 446.8       (50.6 )   396.2 Accrued compensation and benefits 2,312.5           2,312.5 Due to affiliates 183.6   1.0   (0.4 )   184.2 Deferred revenue 93.9       (0.2 )   93.7 Deferred tax liabilities 112.2           112.2 Other liabilities of Consolidated Funds     2,548.0   (43.1 )   2,504.9 Other liabilities of a consolidated real estate VIE 84.9           84.9 Accrued giveback obligations 113.4       (9.0 )   104.4 Total liabilities 4,640.4   18,768.8   (270.9 )   23,138.3 Redeemable non-controlling interests in consolidated entities 8.4   3,753.1       3,761.5 Partners  capital 566.0   (71.5 )   71.5   566.0 Accumulated other comprehensive income (loss) (40.3 )   6.3   (5.0 )   (39.0 ) Partners  capital appropriated for Consolidated Funds     193.0   (8.5 )   184.5 Non-controlling interests in consolidated entities 286.3   6,160.1       6,446.4 Non-controlling interests in Carlyle Holdings 1,936.6           1,936.6 Total partners  capital 2,748.6   6,287.9   58.0   9,094.5 Total liabilities and partners  capital $ 7,397.4   $ 28,809.8   $ (212.9 )   $ 35,994.3   Three Months Ended September 30, 2015   Consolidated Operating Entities Consolidated Funds Eliminations Consolidated   (Dollars in millions) Revenues Fund management fees $ 316.7 $   $ (38.4 ) $ 278.3 Performance fees   Realized 334.4   (5.2 ) 329.2 Unrealized (569.9 )   (5.9 ) (575.8 ) Total performance fees (235.5 )   (11.1 ) (246.6 ) Investment income (loss)   Realized 15.6   (3.1 ) 12.5 Unrealized (24.6 )   2.6 (22.0 ) Investment income (loss) (9.0 )   (0.5 ) (9.5 ) Interest and other income 5.5   (0.5 ) 5.0 Interest and other income of Consolidated Funds   259.4   259.4 Revenue of a consolidated real estate VIE 10.9     10.9 Total revenues 88.6 259.4 (50.5 ) 297.5 Expenses   Compensation and benefits   Base compensation 163.5     163.5 Equity-based compensation 86.8     86.8 Performance fee related   Realized 155.2     155.2 Unrealized (228.1 )     (228.1 ) Total compensation and benefits 177.4     177.4 General, administrative and other expenses 288.5   1.1 289.6 Interest 14.5     14.5 Interest and other expenses of Consolidated Funds   355.5 (58.6 ) 296.9 Interest and other expenses of a consolidated real estate VIE 26.8     26.8 Other non-operating income (9.9 )     (9.9 ) Total expenses 497.3 355.5 (57.5 ) 795.3 Other income   Net investment losses of Consolidated Funds   (20.6 ) (10.7 ) (31.3 ) Loss before provision for income taxes (408.7 ) (116.7 ) (3.7 ) (529.1 ) Benefit for income taxes (4.1 )     (4.1 ) Net loss (404.6 ) (116.7 ) (3.7 ) (525.0 ) Net loss attributable to non-controlling interests in consolidated entities (32.0 )   (120.4 ) (152.4 ) Net loss attributable to Carlyle Holdings (372.6 ) (116.7 ) 116.7 (372.6 ) Net loss attributable to non-controlling interests in Carlyle Holdings (288.7 )     (288.7 ) Net loss attributable to The Carlyle Group L.P. $ (83.9 ) $ (116.7 ) $ 116.7 $ (83.9 )     Nine Months Ended September 30, 2015   Consolidated Operating Entities   Consolidated Funds   Eliminations   Consolidated   (Dollars in millions) Revenues               Fund management fees $ 948.0   $     $ (117.9 )   $ 830.1 Performance fees               Realized 1,264.1       (13.1 )   1,251.0 Unrealized (613.1 )       (16.6 )   (629.7 ) Total performance fees 651.0       (29.7 )   621.3 Investment income (loss)               Realized (49.3 )       73.5   24.2 Unrealized 25.9       (43.6 )   (17.7 ) Investment income (loss) (23.4 )       29.9   6.5 Interest and other income 17.8       (1.9 )   15.9 Interest and other income of Consolidated Funds     742.7       742.7 Revenue of a consolidated real estate VIE 73.9           73.9 Total revenues 1,667.3   742.7   (119.6 )   2,290.4 Expenses               Compensation and benefits               Base compensation 472.2           472.2 Equity-based compensation 291.0           291.0 Performance fee related               Realized 561.7           561.7 Unrealized (146.2 )           (146.2 ) Total compensation and benefits 1,178.7           1,178.7 General, administrative and other expenses 539.2           539.2 Interest 43.6           43.6 Interest and other expenses of Consolidated Funds     959.5   (167.8 )   791.7 Interest and other expenses of a consolidated real estate VIE 124.4           124.4 Other non-operating income (11.7 )           (11.7 ) Total expenses 1,874.2   959.5   (167.8 )   2,665.9 Other income               Net investment gains (losses) of Consolidated Funds     950.3   (14.5 )   935.8 Income (loss) before provision for income taxes (206.9 )   733.5   33.7   560.3 Provision for income taxes 12.4           12.4 Net income (loss) (219.3 )   733.5   33.7   547.9 Net income (loss) attributable to non-controlling interests in consolidated entities (109.7 )       767.2   657.5 Net income (loss) attributable to Carlyle Holdings (109.6 )   733.5   (733.5 )   (109.6 ) Net income (loss) attributable to non-controlling interests in Carlyle Holdings (95.8 )           (95.8 ) Net income (loss) attributable to The Carlyle Group L.P. $ (13.8 )   $ 733.5   $ (733.5 )   $ (13.8 )     Three Months Ended September 30, 2014   Consolidated Operating Entities Consolidated Funds Eliminations Consolidated   (Dollars in millions) Revenues Fund management fees $ 354.6 $   $ (47.2 ) $ 307.4 Performance fees Realized 179.1   (2.2 ) 176.9 Unrealized (4.3 )   14.8 10.5 Total performance fees 174.8   12.6 187.4 Investment income (loss) Realized 1.6   (2.1 ) (0.5 ) Unrealized 5.0   (0.7 ) 4.3 Total investment income (loss) 6.6   (2.8 ) 3.8 Interest and other income 9.6   (0.5 ) 9.1 Interest and other income of Consolidated Funds   234.1   234.1 Revenue of a consolidated real estate VIE 13.2     13.2 Total revenues 558.8 234.1 (37.9 ) 755.0 Expenses Compensation and benefits Base compensation 190.7     190.7 Equity-based compensation 79.7     79.7 Performance fee related Realized 78.4     78.4 Unrealized (14.3 )     (14.3 ) Total compensation and benefits 334.5     334.5 General, administrative and other expenses 117.9   (0.5 ) 117.4 Interest 14.4     14.4 Interest and other expenses of Consolidated Funds   283.9 (43.8 ) 240.1 Interest and other expenses of a consolidated real estate VIE 38.3     38.3 Other non-operating income (39.6 )     (39.6 ) Total expenses 465.5 283.9 (44.3 ) 705.1 Other income Net investment gains (losses) of Consolidated Funds   127.4 (1.9 ) 125.5 Income before provision for income taxes 93.3 77.6 4.5 175.4 Benefit for income taxes (5.9 )     (5.9 ) Net income 99.2 77.6 4.5 181.3 Net income (loss) attributable to non-controlling interests in consolidated entities (28.9 )   82.1 53.2 Net income (loss) attributable to Carlyle Holdings 128.1 77.6 (77.6 ) 128.1 Net income attributable to non-controlling interests in Carlyle Holdings 102.7     102.7 Net income attributable to The Carlyle Group L.P. $ 25.4 $ 77.6 $ (77.6 ) $ 25.4   Nine Months Ended September 30, 2014   Consolidated Operating Entities   Consolidated Funds   Eliminations   Consolidated   (Dollars in millions) Revenues               Fund management fees $ 1,023.3   $     $ (138.3 )   $ 885.0 Performance fees               Realized 859.3       (15.4 )   843.9 Unrealized 515.9       (9.5 )   506.4 Total performance fees 1,375.2       (24.9 )   1,350.3 Investment income (loss)               Realized 34.8       (5.4 )   29.4 Unrealized (1.2 )       5.4   4.2 Total investment income (loss) 33.6           33.6 Interest and other income 18.7       (2.1 )   16.6 Interest and other income of Consolidated Funds     728.5       728.5 Revenue of a consolidated real estate VIE 27.2           27.2 Total revenues 2,478.0   728.5   (165.3 )   3,041.2 Expenses               Compensation and benefits               Base compensation 615.8           615.8 Equity-based compensation 262.9           262.9 Performance fee related               Realized 368.3           368.3 Unrealized 316.3           316.3 Total compensation and benefits 1,563.3           1,563.3 General, administrative and other expenses 369.2       1.2   370.4 Interest 41.1           41.1 Interest and other expenses of Consolidated Funds     940.0   (183.6 )   756.4 Interest and other expenses of a consolidated real estate VIE 129.5           129.5 Other non-operating income (14.0 )           (14.0 ) Total expenses 2,089.1   940.0   (182.4 )   2,846.7 Other income (loss)               Net investment gains of Consolidated Funds     996.9   (2.4 )   994.5 Income before provision for income taxes 388.9   785.4   14.7   1,189.0 Provision for income taxes 63.9           63.9 Net income 325.0   785.4   14.7   1,125.1 Net income (loss) attributable to non-controlling interests in consolidated entities (52.7 )       800.1   747.4 Net income (loss) attributable to Carlyle Holdings 377.7   785.4   (785.4 )   377.7 Net income attributable to non-controlling interests in Carlyle Holdings 308.2           308.2 Net income (loss) attributable to The Carlyle Group L.P. $ 69.5   $ 785.4   $ (785.4 )   $ 69.5     Nine Months Ended September 30,   2015   2014   (Dollars in millions) Cash flows from operating activities       Net income (loss) $ (219.3 )   $ 325.0 Adjustments to reconcile net income to net cash flows from operating activities:       Depreciation and amortization 281.7   125.4 Equity-based compensation 291.0   262.9 Excess tax benefits related to equity-based compensation (1.4 )   (2.5 ) Non-cash performance fees 584.4   (536.5 ) Other non-cash amounts 41.8   20.8 Investment loss 32.6   3.1 Purchases of investments and trading securities (99.2 )   (271.2 ) Proceeds from the sale of investments and trading securities 382.6   521.9 Payments of contingent consideration (17.8 )   (57.9 ) Change in deferred taxes, net (12.0 )   11.6 Change in due from affiliates and other receivables (3.4 )   (3.0 ) Change in receivables and inventory of a consolidated real estate VIE (49.5 )   3.0 Change in deposits and other (9.3 )   (11.4 ) Change in other assets of a consolidated real estate VIE (10.5 )   (0.9 ) Change in accounts payable, accrued expenses and other liabilities (82.9 )   (35.6 ) Change in accrued compensation and benefits (212.8 )   189.1 Change in due to affiliates 253.5   (71.1 ) Change in other liabilities of a consolidated real estate VIE 43.9   (13.2 ) Change in deferred revenue 111.4   203.1 Net cash provided by operating activities 1,304.8   662.6 Cash flows from investing activities       Change in restricted cash (217.9 )   65.3 Purchases of fixed assets, net (49.8 )   (15.1 ) Acquisitions, net of cash acquired     (3.1 ) Net cash provided by (used in) investing activities (267.7 )   47.1 Cash flows from financing activities       Issuance of 5.625% senior notes due 2043, net of financing costs     210.8 Net payments on loans payable of a consolidated real estate VIE (53.1 )   (15.9 ) Payments of contingent consideration (8.0 )   (38.1 ) Excess tax benefits related to equity-based compensation 1.4   2.5 Distributions to common unitholders (206.0 )   (91.9 ) Distributions to non-controlling interest holders in Carlyle Holdings (702.4 )   (446.8 ) Contributions from non-controlling interest holders 104.5   117.3 Distributions to non-controlling interest holders (92.1 )   (102.2 ) Net proceeds from issuance of common units, net of offering costs 209.9   449.5 Acquisition of non-controlling interests in Carlyle Holdings (209.9 )   (303.4 ) Change in due to/from affiliates financing activities 4.4   (47.9 ) Net cash used in financing activities (951.3 )   (266.1 ) Effect of foreign exchange rate changes (20.3 )   (16.0 ) Increase in cash and cash equivalents 65.5   427.6 Cash and cash equivalents, beginning of period 1,242.0   966.6 Cash and cash equivalents, end of period $ 1,307.5   $ 1,394.2 
68|q4-15|10-Q|Fortune Brands Home & Security, Inc.|1519751|2015-10-30|http://www.sec.gov/Archives/edgar/data/1519751/000119312515360384|NA|In exchange for these services, the sales representative is entitled to a commission of 3.0% of net sales, as defined.
69|q4-15|10-Q|Fortune Brands Home & Security, Inc.|1519751|2015-10-30|http://www.sec.gov/Archives/edgar/data/1519751/000119312515360384|NA|The Partnership had revenue from the same customer representing 10.4% and 11.7% of total revenue for the nine months ended September 30, 2015 and 2014 , respectively.
70|q4-15|10-Q|Fortune Brands Home & Security, Inc.|1519751|2015-10-30|http://www.sec.gov/Archives/edgar/data/1519751/000119312515360384|NA|No customer accounted for 10% percent of our revenues in the three months and the nine months ended September 30, 2015 and 2014. 
71|q4-15|10-K|General Agriculture Corp|1519894|2015-12-29|http://www.sec.gov/Archives/edgar/data/1519894/000114420415073083|NA|These amounts represent greater than 10% of the Company's revenue in each respective period. 
72|q4-15|10-K|General Agriculture Corp|1519894|2015-12-29|http://www.sec.gov/Archives/edgar/data/1519894/000114420415073083|NA|Concentrations of Sales to Certain Customers - During the three month period ended September 30, 2015, the Company had sales to one customer, A, that accounted for approximately 16% of total revenue.
73|q4-15|10-Q|Matador Resources Co|1520006|2015-11-06|http://www.sec.gov/Archives/edgar/data/1520006/000152000615000183|NA|For the three and nine months ended September&#xA0;30, 2015, revenue from affiliates of Capella accounted for 6.2% and 2.3% of total revenue, respectively.
74|q4-15|10-Q|MamaMancini's Holdings, Inc.|1520358|2015-12-11|http://www.sec.gov/Archives/edgar/data/1520358/000149315215006180|NA|Those 1,500,000 shares of common stock represented 62 % of the Company s issued and outstanding common stock immediately following the sale.
75|q4-15|10-Q|MamaMancini's Holdings, Inc.|1520358|2015-12-11|http://www.sec.gov/Archives/edgar/data/1520358/000149315215006180|NA|Sales to one customer of the Company accounted for 76% and 86% of sales for the three and nine months ended September 30, 2015 and 100% of sales for the nine months ended September 30, 2014.
76|q4-15|10-Q|Lumos Networks Corp.|1520744|2015-11-03|http://www.sec.gov/Archives/edgar/data/1520744/000152074415000043|NA|Product shipments to four pharmaceutical wholesalers accounted for 39%, 21%, 15% and 14% of total shipments for the nine months ended September 30, 2014.
77|q4-15|10-Q|Pulse Network, Inc.|1521013|2015-11-16|http://www.sec.gov/Archives/edgar/data/1521013/000147793215007082|NA| Principles of Consolidation and Basis of Presentation The interim consolidated financial statements presented herein and discussed below include 100 percent of the assets, liabilities, revenues, expenses and cash flows of Marriott Vacations Worldwide, all entities in which Marriott Vacations Worldwide has a controlling voting interest (&#x201C;subsidiaries&#x201D;), and those variable interest entities for which Marriott Vacations Worldwide is the primary beneficiary in accordance with consolidation accounting guidance.
78|q4-15|10-Q|Pulse Network, Inc.|1521013|2015-11-16|http://www.sec.gov/Archives/edgar/data/1521013/000147793215007082|NA|Starz identifies its reportable segments as those operating segments that represent 10% or more of its consolidated annual revenue, annual Adjusted OIBDA or total assets.
79|q4-15|10-Q|Pulse Network, Inc.|1521013|2015-11-16|http://www.sec.gov/Archives/edgar/data/1521013/000147793215007082|NA|Concentrations of Revenues and Receivables   As discussed in note 7 to the financial statements, during the nine months ended September 30, 2015 and 2014, approximately 27% and 33% of the Company s revenues were generated from a related party, respectively and approximately 54% and 54% of net accounts receivable were due from related parties as of September 30, 2015 and 2014, respectively. 
80|q4-15|10-Q|China Xingbang Industry Group Inc.|1521222|2015-11-23|http://www.sec.gov/Archives/edgar/data/1521222/000121390015009014|NA|These amounts represent greater than 10% of the Company's revenue in each respective period.
81|q4-15|10-Q|Delphi Automotive PLC|1521332|2015-10-29|http://www.sec.gov/Archives/edgar/data/1521332/000152133215000070|NA|No individual customer represented more than 10% of total revenues in the three and nine months ended September 30, 2015 or 2014 or for the year ended December 31, 2014 , or more than 10% of accounts receivable as of September 30, 2015 . 
82|q4-15|10-Q|FIRST BUSINESS FINANCIAL SERVICES, INC.|1521951|2015-10-30|http://www.sec.gov/Archives/edgar/data/1521951/000152195115000067|NA|During the three and nine months ended October 1, 2015 and the three months ended September 25, 2014, there were no customers that accounted for more than 10% of revenue.
83|q4-15|10-Q|Entegra Financial Corp.|1522327|2015-11-06|http://www.sec.gov/Archives/edgar/data/1522327/000155278115000977|NA|Under the second TRA, APAM generally is required to pay to current or former limited partners of Holdings 85% of the applicable cash savings, if any, in U.S. federal, state and local income tax that APAM actually realizes (or is deemed to realize in certain circumstances) as a result of (i) certain tax attributes of their partnership units sold to APAM or exchanged (for shares of Class A common stock or convertible preferred stock) and that are created as a result of the sales or exchanges and payments under the TRAs and (ii) tax benefits related to imputed interest.
84|q4-15|10-Q|USA Compression Partners, LP|1522727|2015-11-05|http://www.sec.gov/Archives/edgar/data/1522727/000155837015002355|NA|During the nine months ended October 31, 2014, the Company earned revenues from three customers representing approximately 18%, 14% and 12% of gross sales.
85|q4-15|10-Q|USA Compression Partners, LP|1522727|2015-11-05|http://www.sec.gov/Archives/edgar/data/1522727/000155837015002355|NA|For the year ended September 30, 2015, two customers accounted for 14 % and 12 % of the Company s sales.
86|q4-15|10-Q|USA Compression Partners, LP|1522727|2015-11-05|http://www.sec.gov/Archives/edgar/data/1522727/000155837015002355|NA|For the nine months ended September 30, 2015, and 2014, there were no customers that accounted for more than 10% of total revenue.
87|q4-15|10-Q|Manning & Napier, Inc.|1524223|2015-11-06|http://www.sec.gov/Archives/edgar/data/1524223/000152422315000022|NA|The following table provides a reconciliation of net income attributable to Lumos Networks Corp. to Adjusted EBITDA, as defined by the Company, on a consolidated basis for the three and nine months ended September 30, 2015 and 2014 :                               Three Months Ended September 30,   Nine Months Ended September 30, (In thousands)   2015   2014     2015 2014 Net Income Attributable to Lumos Networks Corp.   $ 1,279    $ 10,207    $ 7,352    $ 18,115  Net Income Attributable to Noncontrolling Inter ests     33      3      111      69  Net income     1,312      10,210      7,463      18,184  Income tax expense     1,774      6,713      6,221      12,402  Interest expense     5,817      3,969      13,022      11,755  Gain on interest rate swap derivatives     (198)     (302)     (445)     (395) Other (income) expenses, net     (58)     (179)     89      (529) Operating Income     8,647      20,411      26,350      41,417  Depreciation and amortization and accretion                         of asset retirement obligations     11,836      11,310      35,217      33,236  Amortization of actuarial losses     337      64      1,012      192  Equity-based compensation     1,454      1,123      4,236      3,109  Restructuring charges      -      -     637       - Employee separation charges      -      -      -     244  Adjusted EBITDA   $ 22,274    $ 32,908    $ 67,452    $ 78,198    One of the Company&#x2019;s carrier customers, AT T, individually accounted for   8% and 10%   of the Company&#x2019;s total operating revenues for the three months ended September 30, 2015 and 2014, respectively, and 8% and 9% for the nine months ended September 30, 2015 and 2014 , respectively .
88|q4-15|10-Q|Manning & Napier, Inc.|1524223|2015-11-06|http://www.sec.gov/Archives/edgar/data/1524223/000152422315000022|NA|For the nine months ended September 30, 2014, one major customer accounted for 86.6% and individually exceeded 10% of the total revenue.
89|q4-15|10-Q|Manning & Napier, Inc.|1524223|2015-11-06|http://www.sec.gov/Archives/edgar/data/1524223/000152422315000022|NA|For the year ended September 30, 2014, one customer accounted for 13 % of the Company s sales.
90|q4-15|10-Q|Manning & Napier, Inc.|1524223|2015-11-06|http://www.sec.gov/Archives/edgar/data/1524223/000152422315000022|NA|&#xA0; &#xA0; &#xA0; &#xA0;&#xA0; Three Months Ended September&#xA0;30, &#xA0; (In millions) &#xA0;&#xA0; 2015 &#xA0; &#xA0;&#xA0; 2014 &#xA0; &#xA0;&#xA0; %&#xA0;Change vs.&#xA0;Prior&#xA0;Year &#xA0; Net Sales &#xA0;&#xA0; &#xA0;&#xA0; &#xA0;&#xA0; Cabinets &#xA0;&#xA0; $ 603.3 &#xA0;&#xA0; &#xA0;&#xA0; $ 452.6 &#xA0;&#xA0; &#xA0;&#xA0; &#xA0; 33.3 %&#xA0; Plumbing &#xA0;&#xA0; &#xA0; 364.4 &#xA0;&#xA0; &#xA0;&#xA0; &#xA0; 345.9 &#xA0;&#xA0; &#xA0;&#xA0; &#xA0; 5.3 &#xA0;&#xA0; Doors &#xA0;&#xA0; &#xA0; 123.8 &#xA0;&#xA0; &#xA0;&#xA0; &#xA0; 114.4 &#xA0;&#xA0; &#xA0;&#xA0; &#xA0; 8.2 &#xA0;&#xA0; Security &#xA0;&#xA0; &#xA0; 147.3 &#xA0;&#xA0; &#xA0;&#xA0; &#xA0; 144.8 &#xA0;&#xA0; &#xA0;&#xA0; &#xA0; 1.7 &#xA0;&#xA0; &#xA0;&#xA0; &#xA0; &#xA0; &#xA0; &#xA0;&#xA0; &#xA0; &#xA0; &#xA0; &#xA0;&#xA0; Net sales &#xA0;&#xA0; $ 1,238.8 &#xA0;&#xA0; &#xA0;&#xA0; $ 1,057.7 &#xA0;&#xA0; &#xA0;&#xA0; &#xA0; 17.1 %&#xA0; Operating Income &#xA0;&#xA0; &#xA0;&#xA0; &#xA0;&#xA0; Cabinets &#xA0;&#xA0; $ 64.2 &#xA0;&#xA0; &#xA0;&#xA0; $ 36.5 &#xA0;&#xA0; &#xA0;&#xA0; &#xA0; 75.9 %&#xA0; Plumbing &#xA0;&#xA0; &#xA0; 80.9 &#xA0;&#xA0; &#xA0;&#xA0; &#xA0; 75.8 &#xA0;&#xA0; &#xA0;&#xA0; &#xA0; 6.7 &#xA0;&#xA0; Doors &#xA0;&#xA0; &#xA0; 16.7 &#xA0;&#xA0; &#xA0;&#xA0; &#xA0; 12.1 &#xA0;&#xA0; &#xA0;&#xA0; &#xA0; 38.0 &#xA0;&#xA0; Security &#xA0;&#xA0; &#xA0; 16.6 &#xA0;&#xA0; &#xA0;&#xA0; &#xA0; 20.2 &#xA0;&#xA0; &#xA0;&#xA0; &#xA0; (17.8 )&#xA0; Less: Corporate expenses &#xA0;&#xA0; &#xA0; (18.1 )&#xA0; &#xA0;&#xA0; &#xA0; (15.1 )&#xA0; &#xA0;&#xA0; &#xA0; (19.9 )&#xA0; &#xA0;&#xA0; &#xA0; &#xA0; &#xA0; &#xA0;&#xA0; &#xA0; &#xA0; &#xA0; &#xA0;&#xA0; Operating income &#xA0;&#xA0; $ 160.3 &#xA0;&#xA0; &#xA0;&#xA0; $ 129.5 &#xA0;&#xA0; &#xA0;&#xA0; &#xA0; 23.8 %&#xA0; Corporate expenses &#xA0;&#xA0; &#xA0;&#xA0; &#xA0;&#xA0; General and administrative expense &#xA0;&#xA0; $ (16.7 )&#xA0; &#xA0;&#xA0; $ (15.9 )&#xA0; &#xA0;&#xA0; Defined benefit plan income &#xA0;&#xA0; &#xA0; (1.2 )&#xA0; &#xA0;&#xA0; &#xA0; 0.8 &#xA0;&#xA0; &#xA0;&#xA0; Norcraft transaction costs (a) &#xA0;&#xA0; &#xA0; (0.2 )&#xA0; &#xA0;&#xA0; &#xA0; &#x2014;&#xA0;&#xA0; &#xA0;&#xA0; &#xA0;&#xA0; &#xA0;&#xA0; &#xA0; &#xA0; &#xA0; &#xA0;&#xA0; &#xA0; &#xA0; &#xA0; &#xA0;&#xA0; Total Corporate expenses &#xA0;&#xA0; $ (18.1 )&#xA0; &#xA0;&#xA0; $ (15.1 )&#xA0; &#xA0;&#xA0; &#xA0; (19.9 )%&#xA0; &#xA0; &#xA0; (a) Represents external costs directly related to the acquisition of Norcraft and primarily includes expenditures for banking, legal, accounting and other similar services. 
91|q4-15|10-Q|MARRIOTT VACATIONS WORLDWIDE Corp|1524358|2015-10-15|http://www.sec.gov/Archives/edgar/data/1524358/000119312515344481|NA|The Company had one customer who represented 13% and 11% of the Company s revenue for the nine months ended September 30, 2015 and 2014, respectively.
92|q4-15|10-Q|MARRIOTT VACATIONS WORLDWIDE Corp|1524358|2015-10-15|http://www.sec.gov/Archives/edgar/data/1524358/000119312515344481|NA|Tenants in the retail industry accounted for 36.0% of total revenues for the nine months ended September 30, 2015 .
93|q4-15|10-Q|MPT Operating Partnership, L.P.|1524607|2015-11-09|http://www.sec.gov/Archives/edgar/data/1524607/000119312515372198|NA|No customer accounted for 10% or more of the Company s revenues for the three months ended October 31, 2015 or 2014 .
94|q4-15|10-Q|MPT Operating Partnership, L.P.|1524607|2015-11-09|http://www.sec.gov/Archives/edgar/data/1524607/000119312515372198|NA|The Company had three customers who represented in the aggregate 31% and 23% of its revenue for the nine months ended September 30, 2015 and 2014, respectively.
95|q4-15|10-Q|MPT Operating Partnership, L.P.|1524607|2015-11-09|http://www.sec.gov/Archives/edgar/data/1524607/000119312515372198|NA| The following tables present the summarized combined financial information for the Partnership's equity investments (amounts represent 100% of investee financial information): Balance Sheets: September 30, 2015   December 31, 2014 Current assets $ 117,796   $ 2,196 Non-current assets 929,836   62,635 Current liabilities 105,985   398 Non-current liabilities 361,662   22,307   Three months ended September 30,   Nine months ended September 30, Income Statements: 2015   2014   2015   2014 Total revenue $ 9,201   $ 1,737   $ 13,610   $ 1,737 Operating expense 1,274   632   3,011   632 Net income 5,975   185   6,216   185 
96|q4-15|10-Q|MPT Operating Partnership, L.P.|1524607|2015-11-09|http://www.sec.gov/Archives/edgar/data/1524607/000119312515372198|NA|Four pharmaceutical wholesalers&#x2019; accounts receivable balances accounted for 35%, 22%, 16%, and 11% of gross accounts receivable as of September 30, 2015.
97|q4-15|10-Q|MPT Operating Partnership, L.P.|1524607|2015-11-09|http://www.sec.gov/Archives/edgar/data/1524607/000119312515372198|NA|The following table presents revenue by location and revenue generated by country as a percentage of total revenue for the applicable period, for countries representing 10% or more of revenues for one or more of the periods presented (dollars in thousands):   Three Months Ended September 30,   Nine Months Ended September 30,   2015   2014   2015   2014 United States $ 42,352   62 %   $ 42,751   65 %   $ 139,347   64 %   $ 120,696   63 % Korea 7,290   11   4,657   7   21,259   10   13,500   7 Japan 8,921   13   9,164   14   27,406   12   28,012   15 Other 9,649   14   8,835   14   31,038   14   29,380   15 Total revenue $ 68,212   100 %   $ 65,407   100 %   $ 219,050   100 %   $ 191,588   100 % 
98|q4-15|10-Q|MPT Operating Partnership, L.P.|1524607|2015-11-09|http://www.sec.gov/Archives/edgar/data/1524607/000119312515372198|NA|Furthermore, tenants in the office industry accounted for 35.6% of total revenues for the nine months ended September 30, 2015 .
99|q4-15|10-Q|Sprague Resources LP|1525287|2015-11-05|http://www.sec.gov/Archives/edgar/data/1525287/000152528715000021|NA|Summary of Affiliate Transactions A summary of revenue and expense transactions with Tesoro, including expenses directly charged and allocated to our Predecessors, are as follows (in millions):   Three Months Ended September 30,   Nine Months Ended September 30,   2015   2014   2015   2014 Revenues (a) $ 152   $ 130   $ 454   $ 358 Operating and maintenance expenses 28   18   77   56 Imbalance settlement gains and reimbursements from    Tesoro (b) 12   17   31   32 General and administrative expenses 16   11   51   28 _______________ (a) Tesoro accounted for 54% and 55% of our total revenues for the three and nine months ended September 30, 2015, respectively, and 86% and 87% of our total revenues for the three and nine months ended September 30, 2014 , respectively.
100|q4-15|10-K|Fresh Healthy Vending International, Inc.|1526689|2015-10-13|http://www.sec.gov/Archives/edgar/data/1526689/000164033415000209|NA|The Company delivered the limited edition prints to the consultant in March 2015, which accounted for 44% of total revenues for the nine months ended September 30, 2015.
101|q4-15|10-Q|Fresh Healthy Vending International, Inc.|1526689|2015-11-23|http://www.sec.gov/Archives/edgar/data/1526689/000164033415000369|NA|For the nine months ended September&#xA0;30, 2015 and 2014, revenue from affiliates of Prime (including rent and interest from mortgage loans) accounted for 24.5% and 27.8%, respectively, of total revenue.
102|q4-15|10-Q|New Enterprise Stone & Lime Co., Inc.|1527032|2015-10-13|http://www.sec.gov/Archives/edgar/data/1527032/000152703215000024|NA|For the three ended September 30, 2015, two distributors accounted for 42% and 13% of total revenues.
103|q4-15|10-Q|New Enterprise Stone & Lime Co., Inc.|1527032|2015-10-13|http://www.sec.gov/Archives/edgar/data/1527032/000152703215000024|NA|For the nine months ended September&#xA0;30, 2014, sales to two customers, GM and AutoZone, accounted for 18.1% and 16.3%, respectively, of total net sales.
104|q4-15|10-Q|Carlyle Group L.P.|1527166|2015-11-05|http://www.sec.gov/Archives/edgar/data/1527166/000152716615000012|NA| Net sales and operating income for the nine and three months ended September&#xA0;30, 2015 and 2014 by segment were as follows: &#xA0; &#xA0; &#xA0;&#xA0; Nine Months Ended September&#xA0;30, &#xA0; (In millions) &#xA0;&#xA0; 2015 &#xA0; &#xA0;&#xA0; 2014 &#xA0; &#xA0;&#xA0; %&#xA0;Change vs.&#xA0;Prior&#xA0;Year &#xA0; Net Sales &#xA0;&#xA0; &#xA0;&#xA0; &#xA0;&#xA0; Cabinets &#xA0;&#xA0; $ 1,565.3 &#xA0;&#xA0; &#xA0;&#xA0; $ 1,331.4 &#xA0;&#xA0; &#xA0;&#xA0; &#xA0; 17.6 %&#xA0; Plumbing &#xA0;&#xA0; &#xA0; 1,056.0 &#xA0;&#xA0; &#xA0;&#xA0; &#xA0; 995.9 &#xA0;&#xA0; &#xA0;&#xA0; &#xA0; 6.0 &#xA0;&#xA0; Doors &#xA0;&#xA0; &#xA0; 324.6 &#xA0;&#xA0; &#xA0;&#xA0; &#xA0; 304.5 &#xA0;&#xA0; &#xA0;&#xA0; &#xA0; 6.6 &#xA0;&#xA0; Security &#xA0;&#xA0; &#xA0; 408.8 &#xA0;&#xA0; &#xA0;&#xA0; &#xA0; 342.2 &#xA0;&#xA0; &#xA0;&#xA0; &#xA0; 19.5 &#xA0;&#xA0; &#xA0;&#xA0; &#xA0; &#xA0; &#xA0; &#xA0;&#xA0; &#xA0; &#xA0; &#xA0; &#xA0;&#xA0; Net sales &#xA0;&#xA0; $ 3,354.7 &#xA0;&#xA0; &#xA0;&#xA0; $ 2,974.0 &#xA0;&#xA0; &#xA0;&#xA0; &#xA0; 12.8 %&#xA0; Operating Income &#xA0;&#xA0; &#xA0;&#xA0; &#xA0;&#xA0; Cabinets &#xA0;&#xA0; $ 132.1 &#xA0;&#xA0; &#xA0;&#xA0; $ 102.5 &#xA0;&#xA0; &#xA0;&#xA0; &#xA0; 28.9 %&#xA0; Plumbing &#xA0;&#xA0; &#xA0; 214.6 &#xA0;&#xA0; &#xA0;&#xA0; &#xA0; 202.6 &#xA0;&#xA0; &#xA0;&#xA0; &#xA0; 5.9 &#xA0;&#xA0; Doors &#xA0;&#xA0; &#xA0; 30.7 &#xA0;&#xA0; &#xA0;&#xA0; &#xA0; 21.7 &#xA0;&#xA0; &#xA0;&#xA0; &#xA0; 41.5 &#xA0;&#xA0; Security &#xA0;&#xA0; &#xA0; 43.1 &#xA0;&#xA0; &#xA0;&#xA0; &#xA0; 43.4 &#xA0;&#xA0; &#xA0;&#xA0; &#xA0; (0.7 )&#xA0; Less: Corporate expenses &#xA0;&#xA0; &#xA0; (64.7 )&#xA0; &#xA0;&#xA0; &#xA0; (45.9 )&#xA0; &#xA0;&#xA0; &#xA0; (41.0 )&#xA0; &#xA0;&#xA0; &#xA0; &#xA0; &#xA0; &#xA0;&#xA0; &#xA0; &#xA0; &#xA0; &#xA0;&#xA0; Operating income &#xA0;&#xA0; $ 355.8 &#xA0;&#xA0; &#xA0;&#xA0; $ 324.3 &#xA0;&#xA0; &#xA0;&#xA0; &#xA0; 9.7 %&#xA0; Corporate expenses &#xA0;&#xA0; &#xA0;&#xA0; &#xA0;&#xA0; General and administrative expense &#xA0;&#xA0; $ (51.7 )&#xA0; &#xA0;&#xA0; $ (50.7 )&#xA0; &#xA0;&#xA0; Defined benefit plan income &#xA0;&#xA0; &#xA0; 2.1 &#xA0;&#xA0; &#xA0;&#xA0; &#xA0; 4.8 &#xA0;&#xA0; &#xA0;&#xA0; Norcraft transaction costs (a) &#xA0;&#xA0; &#xA0; (15.1 )&#xA0; &#xA0;&#xA0; &#xA0; &#x2014;&#xA0;&#xA0; &#xA0;&#xA0; &#xA0;&#xA0; &#xA0;&#xA0; &#xA0; &#xA0; &#xA0; &#xA0;&#xA0; &#xA0; &#xA0; &#xA0; &#xA0;&#xA0; Total Corporate expenses &#xA0;&#xA0; $ (64.7 )&#xA0; &#xA0;&#xA0; $ (45.9 )&#xA0; &#xA0;&#xA0; &#xA0; (41.0 )%&#xA0; &#xA0; &#xA0; (a) Represents external costs directly related to the acquisition of Norcraft and primarily includes expenditures for banking, legal, accounting and other similar services.
105|q4-15|10-Q|Carlyle Group L.P.|1527166|2015-11-05|http://www.sec.gov/Archives/edgar/data/1527166/000152716615000012|NA|Net sales to Anixter accounted for approximately 11% of the Company&#x2019;s total net sales during the both three and nine months ended September&#xA0;30, 2014.
106|q4-15|10-Q|National CineMedia, LLC|1527190|2015-11-10|http://www.sec.gov/Archives/edgar/data/1527190/000156459015010320|NA|For the nine months ended September 30, 2015 and 2014 , no tenant accounted for more than 10% of our total rental revenue. 
107|q4-15|10-Q|National CineMedia, LLC|1527190|2015-11-10|http://www.sec.gov/Archives/edgar/data/1527190/000156459015010320|NA| Revenue Recognition   The Company recognizes revenue on construction contracts under the percentage-of-completion method of accounting, as measured by the cost incurred to date over estimated total cost.
108|q4-15|10-Q|National CineMedia, LLC|1527190|2015-11-10|http://www.sec.gov/Archives/edgar/data/1527190/000156459015010320|NA| Customers whose collaboration and license revenue accounted for 10% or more of total revenues were as follows:       Three Months Ended     Nine Months Ended       September 30,     September 30,       2015     2014     2015     2014   Baxalta     95 %     97 %     94 %     94 %   
109|q4-15|10-Q|National CineMedia, LLC|1527190|2015-11-10|http://www.sec.gov/Archives/edgar/data/1527190/000156459015010320|NA|As of October 1, 2015 and January 1, 2015, there were no advertising agency groups or individual customers through which the Company sources national advertising revenue representing more than 10% of the Company s outstanding gross receivable balance.
110|q4-15|10-Q|Mirna Therapeutics, Inc.|1527599|2015-11-13|http://www.sec.gov/Archives/edgar/data/1527599/000155837015002653|NA|Other than Anixter, no direct customer accounted for 10% or more of the Company&#x2019;s total net sales for the three or nine months ended September&#xA0;30, 2015 or 2014.
111|q4-15|10-Q|Rose Rock Midstream, L.P.|1527622|2015-11-06|http://www.sec.gov/Archives/edgar/data/1527622/000152762215000024|NA|For the three months ended September 30, 2015 and 2014 and the nine months ended September 30, 2015 and 2014, there were no customers that represented 10% or more of revenues.
112|q4-15|10-Q|Rose Rock Midstream, L.P.|1527622|2015-11-06|http://www.sec.gov/Archives/edgar/data/1527622/000152762215000024|NA|A typical ten unit franchise contract would include the following: Franchise fee per machine: $1,000 Cost per machine: $10,000 Total franchise cost: $110,000 ($1,000 X 10 + $10,000 X 10) Initial payment upon signing contract: $50,000 (100% of franchise fees of $10,000 + 40% of machine cost of $100,000)     Upon the signing of the contract, the Company records the initial payment of $50,000 to cash, with the remaining contract value of $60,000 to accounts receivable and records the total contract value of $110,000 to deferred revenue.
113|q4-15|10-Q|Capital Art, Inc.|1527844|2015-11-16|http://www.sec.gov/Archives/edgar/data/1527844/000101968715004135|NA|For the Three Months Ended      For the Three Months Ended      August 31, 2015   August 31, 2014   Amount %   Amount %             CUSTOMER 1 $9,848,883 91%   * *   * No customers accounted for 10% or more of revenues. 
114|q4-15|10-Q|Capital Art, Inc.|1527844|2015-11-16|http://www.sec.gov/Archives/edgar/data/1527844/000101968715004135|NA|A typical ten unit franchise contract would include the following: Franchise fee per machine: $1,000 Cost per machine: $10,000 Total franchise cost: $110,000 ($1,000 X 10 + $10,000 X 10) Initial payment upon signing contract: $50,000 (100% of franchise fees of $10,000 + 40% of machine cost of $100,000) Upon the signing of the contract, the Company records the initial payment of $50,000 to cash, with the remaining contract value of $60,000 to accounts receivable and records the total contract value of $110,000 to deferred revenue.
115|q4-15|10-Q|Capital Art, Inc.|1527844|2015-11-16|http://www.sec.gov/Archives/edgar/data/1527844/000101968715004135|NA|September 30, 2015   December 31, 2014     Balance   Average balance   Weighted average rate   Balance   Average balance   Weighted average rate     (Dollars in Thousands) Non-interest-bearing transaction accounts   $ 222,497   $ 206,547     %   $ 204,328   $ 154,687     % Interest-bearing transaction accounts   155,814   117,241   0.23   104,199   83,508   0.22 Money market accounts   591,190   605,907   0.56   575,766   493,322   0.52 Certificates of deposit   93,252   112,602   0.76   126,635   60,284   0.89 Wholesale deposits   476,617   439,744   1.39   427,340   416,202   1.49 Total deposits   $ 1,539,370   $ 1,482,041   0.71   $ 1,438,268   $ 1,208,003   0.78 
116|q4-15|10-Q|Capital Art, Inc.|1527844|2015-11-16|http://www.sec.gov/Archives/edgar/data/1527844/000101968715004135|NA| Note 10 - Concentrations   Revenues   During the nine months ended October 31, 2015, the Company earned revenues from three customers representing approximately 16%, 16% and 13% of gross sales.
117|q4-15|10-Q|Guidewire Software, Inc.|1528396|2015-12-02|http://www.sec.gov/Archives/edgar/data/1528396/000152839615000028|NA|For the three and nine months ended September&#xA0;30, 2014, the non-guarantor subsidiaries accounted for approximately $420 million, or 42%, and $1,123 million, or 37%, of net sales, respectively.
118|q4-15|10-Q|Guidewire Software, Inc.|1528396|2015-12-02|http://www.sec.gov/Archives/edgar/data/1528396/000152839615000028|NA|During the nine months ended September 25, 2014, revenue related to advertisements of NCM LLC s founding members  beverage supplier accounted for 10.4% of total revenue.
119|q4-15|10-Q|Corindus Vascular Robotics, Inc.|1528557|2015-11-12|http://www.sec.gov/Archives/edgar/data/1528557/000119312515375888|NA|Sales from two customers accounted for 36.9% of total sales for the nine months ended September 30, 2015.
120|q4-15|10-Q|Corindus Vascular Robotics, Inc.|1528557|2015-11-12|http://www.sec.gov/Archives/edgar/data/1528557/000119312515375888|NA|"Additionally, on September 24, 2015 the Company closed the sale of its 50  percent interest in its Korea Delphi Automotive Systems Corporation (""KDAC"") joint venture, which was accounted for under the equity method and was principally reported as part of the Thermal Systems segment, to the joint venture partner."
121|q4-15|10-Q|Corindus Vascular Robotics, Inc.|1528557|2015-11-12|http://www.sec.gov/Archives/edgar/data/1528557/000119312515375888|NA|The Company has two major customers that individually exceeded 10% and accounted for 58.4% of the total revenue for the nine months ended September 30, 2015.
122|q4-15|10-Q|Corindus Vascular Robotics, Inc.|1528557|2015-11-12|http://www.sec.gov/Archives/edgar/data/1528557/000119312515375888|NA|During the six month period ended September 30, 2015, the Company had sales to two customers A and B, that accounted for approximately 24% of total revenue. 
123|q4-15|10-Q|Corindus Vascular Robotics, Inc.|1528557|2015-11-12|http://www.sec.gov/Archives/edgar/data/1528557/000119312515375888|NA|   Nine Months Ended September 30,   2015   2014   (Dollars in millions) Cash flows from operating activities       Net income (loss) $ (219.3 )   $ 325.0 Adjustments to reconcile net income to net cash flows from operating activities:       Depreciation and amortization 281.7   125.4 Equity-based compensation 291.0   262.9 Excess tax benefits related to equity-based compensation (1.4 )   (2.5 ) Non-cash performance fees 584.4   (536.5 ) Other non-cash amounts 41.8   20.8 Investment loss 32.6   3.1 Purchases of investments and trading securities (99.2 )   (271.2 ) Proceeds from the sale of investments and trading securities 382.6   521.9 Payments of contingent consideration (17.8 )   (57.9 ) Change in deferred taxes, net (12.0 )   11.6 Change in due from affiliates and other receivables (3.4 )   (3.0 ) Change in receivables and inventory of a consolidated real estate VIE (49.5 )   3.0 Change in deposits and other (9.3 )   (11.4 ) Change in other assets of a consolidated real estate VIE (10.5 )   (0.9 ) Change in accounts payable, accrued expenses and other liabilities (82.9 )   (35.6 ) Change in accrued compensation and benefits (212.8 )   189.1 Change in due to affiliates 253.5   (71.1 ) Change in other liabilities of a consolidated real estate VIE 43.9   (13.2 ) Change in deferred revenue 111.4   203.1 Net cash provided by operating activities 1,304.8   662.6 Cash flows from investing activities       Change in restricted cash (217.9 )   65.3 Purchases of fixed assets, net (49.8 )   (15.1 ) Acquisitions, net of cash acquired     (3.1 ) Net cash provided by (used in) investing activities (267.7 )   47.1 Cash flows from financing activities       Issuance of 5.625% senior notes due 2043, net of financing costs     210.8 Net payments on loans payable of a consolidated real estate VIE (53.1 )   (15.9 ) Payments of contingent consideration (8.0 )   (38.1 ) Excess tax benefits related to equity-based compensation 1.4   2.5 Distributions to common unitholders (206.0 )   (91.9 ) Distributions to non-controlling interest holders in Carlyle Holdings (702.4 )   (446.8 ) Contributions from non-controlling interest holders 104.5   117.3 Distributions to non-controlling interest holders (92.1 )   (102.2 ) Net proceeds from issuance of common units, net of offering costs 209.9   449.5 Acquisition of non-controlling interests in Carlyle Holdings (209.9 )   (303.4 ) Change in due to/from affiliates financing activities 4.4   (47.9 ) Net cash used in financing activities (951.3 )   (266.1 ) Effect of foreign exchange rate changes (20.3 )   (16.0 ) Increase in cash and cash equivalents 65.5   427.6 Cash and cash equivalents, beginning of period 1,242.0   966.6 Cash and cash equivalents, end of period $ 1,307.5   $ 1,394.2 
